"Date","Price","Open","High","Low","Vol.","Change %"
"06-01-2025","90,573","89,449","91,445","88,801","174.16K","1.41%"
"03-01-2025","89,314","89,348","90,044","89,001","95.23K","0.10%"
"02-01-2025","89,224","89,224","89,224","89,224","","1.75%"
"01-01-2025","87,686","87,356","87,750","87,287","12.82K","0.37%"
"31-12-2024","87,367","87,536","87,871","87,175","75.48K","-0.34%"
"30-12-2024","87,661","89,063","89,260","87,204","102.65K","-1.51%"
"27-12-2024","89,006","89,848","90,276","88,666","107.38K","-0.75%"
"26-12-2024","89,681","89,402","90,030","89,200","80.79K","0.36%"
"24-12-2024","89,360","89,400","89,622","88,900","63.22K","0.20%"
"23-12-2024","89,178","88,700","89,500","88,622","96.43K","0.81%"
"20-12-2024","88,465","87,202","88,697","86,568","125.18K","1.30%"
"19-12-2024","87,326","90,200","90,200","86,838","156.21K","-3.46%"
"18-12-2024","90,456","90,817","90,995","90,150","70.46K","-0.51%"
"17-12-2024","90,921","91,001","91,198","90,071","98.87K","-0.32%"
"16-12-2024","91,216","91,200","91,600","90,823","75.76K","0.18%"
"13-12-2024","91,051","92,440","92,489","90,480","148.92K","-1.68%"
"12-12-2024","92,603","95,600","96,421","92,317","211.49K","-3.22%"
"11-12-2024","95,683","95,239","96,215","94,655","127.03K","0.34%"
"10-12-2024","95,362","95,005","95,550","94,405","117.96K","0.30%"
"09-12-2024","95,074","92,501","95,732","91,977","201.95K","2.85%"
"06-12-2024","92,441","92,528","93,176","91,850","123.20K","0.02%"
"05-12-2024","92,419","93,100","93,299","92,303","102.20K","-0.84%"
"04-12-2024","93,203","92,100","93,523","91,361","154.37K","1.12%"
"03-12-2024","92,168","91,332","92,320","91,094","129.85K","1.40%"
"02-12-2024","90,898","91,222","91,397","89,936","118.20K","-0.67%"
"29-11-2024","91,511","91,680","94,331","88,538","0.25K","2.83%"
"28-11-2024","88,995","87,222","90,383","86,945","0.28K","1.49%"
"27-11-2024","87,692","88,582","89,149","87,521","0.71K","-0.57%"
"26-11-2024","88,192","88,483","88,964","87,861","2.57K","0.58%"
"25-11-2024","87,686","89,888","90,059","87,324","44.74K","-3.12%"
"22-11-2024","90,507","89,851","90,926","89,431","102.77K","0.94%"
"21-11-2024","89,663","89,949","90,599","89,164","79.67K","-0.17%"
"20-11-2024","89,815","89,951","90,371","88,792","53.75K","-0.56%"
"19-11-2024","90,322","90,488","91,100","89,940","97.35K","0.12%"
"18-11-2024","90,212","88,530","90,464","88,530","95.35K","2.22%"
"15-11-2024","88,256","88,989","89,500","88,124","72.42K","-0.41%"
"14-11-2024","88,618","88,750","88,750","86,707","143.34K","-0.49%"
"13-11-2024","89,057","89,340","90,405","88,764","115.76K","-0.13%"
"12-11-2024","89,169","89,174","89,474","88,158","120.47K","0.10%"
"11-11-2024","89,081","91,040","91,470","88,821","136.26K","-2.27%"
"08-11-2024","91,151","91,893","92,290","90,900","136.64K","-1.03%"
"07-11-2024","92,104","90,211","92,348","89,900","153.45K","1.57%"
"06-11-2024","90,682","94,000","94,944","89,950","292.40K","-4.03%"
"05-11-2024","94,494","93,620","95,143","93,620","93.71K","0.39%"
"04-11-2024","94,123","95,156","95,156","93,621","118.51K","-1.22%"
"01-11-2024","95,285","94,712","95,499","94,551","22.72K","0.81%"
"31-10-2024","94,522","97,139","97,519","94,200","169.73K","-3.07%"
"30-10-2024","97,519","98,276","98,685","96,401","143.73K","-0.97%"
"29-10-2024","98,472","97,635","99,021","97,102","156.66K","1.27%"
"28-10-2024","97,235","96,500","97,680","95,900","131.10K","0.28%"
"25-10-2024","96,968","96,640","97,838","95,473","172.80K","0.13%"
"24-10-2024","96,842","97,654","98,380","95,881","175.85K","0.05%"
"23-10-2024","96,791","99,189","99,825","96,351","172.49K","-2.90%"
"22-10-2024","99,682","97,550","99,751","97,480","150.92K","2.53%"
"21-10-2024","97,221","97,010","98,350","96,330","154.54K","2.16%"
"18-10-2024","95,166","91,986","95,273","91,778","223.03K","3.88%"
"17-10-2024","91,615","91,820","92,600","91,000","165.69K","-0.46%"
"16-10-2024","92,041","91,608","92,970","91,411","140.36K","0.60%"
"15-10-2024","91,493","90,662","91,815","89,640","137.78K","0.92%"
"14-10-2024","90,662","91,380","91,489","90,360","112.53K","-0.97%"
"11-10-2024","91,546","90,443","91,741","90,410","115.22K","1.48%"
"10-10-2024","90,214","89,131","90,510","88,650","132.58K","1.52%"
"09-10-2024","88,859","88,960","89,540","88,273","124.09K","0.15%"
"08-10-2024","88,729","92,200","92,200","88,222","217.74K","-3.80%"
"07-10-2024","92,237","93,089","93,169","91,410","127.18K","-1.07%"
"04-10-2024","93,232","93,015","95,191","91,658","239.06K","0.44%"
"03-10-2024","92,825","91,611","93,050","91,355","148.55K","1.66%"
"01-10-2024","91,307","90,849","92,237","90,762","148.33K","0.73%"
"30-09-2024","90,644","91,400","92,037","90,135","136.41K","-0.74%"
"27-09-2024","91,317","92,289","93,061","91,120","172.87K","-1.30%"
"26-09-2024","92,516","92,046","93,939","91,770","217.57K","0.68%"
"25-09-2024","91,887","92,050","92,776","91,300","154.03K","-0.36%"
"24-09-2024","92,219","89,594","92,544","89,142","222.05K","3.42%"
"23-09-2024","89,172","90,199","90,200","88,301","147.56K","-0.98%"
"20-09-2024","90,058","89,900","90,600","89,420","142.42K","0.25%"
"19-09-2024","89,836","88,477","90,451","88,161","184.74K","1.81%"
"18-09-2024","88,238","89,555","89,555","88,065","99.70K","-0.91%"
"17-09-2024","89,050","89,433","89,777","88,780","107.29K","-0.49%"
"16-09-2024","89,487","89,499","90,265","89,006","118.00K","0.48%"
"13-09-2024","89,059","87,377","89,642","87,272","203.98K","2.32%"
"12-09-2024","87,037","84,583","87,240","84,511","187.30K","2.99%"
"11-09-2024","84,508","83,804","85,085","83,267","173.78K","0.92%"
"10-09-2024","83,740","83,611","84,330","83,010","106.40K","0.05%"
"09-09-2024","83,694","82,989","83,838","82,358","108.53K","1.02%"
"06-09-2024","82,852","85,163","85,785","82,420","200.48K","-2.58%"
"05-09-2024","85,047","83,500","85,957","83,199","143.85K","1.65%"
"04-09-2024","83,666","83,389","84,099","82,711","99.34K","0.39%"
"03-09-2024","83,337","84,638","84,638","82,849","127.95K","-1.54%"
"02-09-2024","84,638","85,113","85,113","84,164","72.79K","1.12%"
"30-08-2024","83,699","84,500","84,918","83,230","0.44K","-1.45%"
"29-08-2024","84,930","84,711","85,113","84,000","0.27K","1.19%"
"28-08-2024","83,929","85,325","85,414","83,511","2.86K","-1.91%"
"27-08-2024","85,561","84,887","85,790","84,856","4.69K","0.59%"
"26-08-2024","85,059","84,950","85,700","84,356","28.63K","0.22%"
"23-08-2024","84,870","83,990","85,030","83,640","107.15K","1.56%"
"22-08-2024","83,563","84,511","84,923","83,110","86.84K","-1.23%"
"21-08-2024","84,607","84,345","85,035","84,050","68.00K","0.10%"
"20-08-2024","84,522","84,010","85,599","84,010","109.49K","0.44%"
"19-08-2024","84,151","83,300","84,539","83,255","111.69K","1.33%"
"16-08-2024","83,045","80,220","83,190","80,220","168.35K","3.64%"
"14-08-2024","80,125","81,089","81,700","79,828","140.45K","-1.21%"
"13-08-2024","81,105","81,500","81,559","80,610","88.38K","-0.65%"
"12-08-2024","81,637","80,465","81,768","80,301","116.03K","1.29%"
"09-08-2024","80,599","80,475","80,989","80,130","105.69K","-0.05%"
"08-08-2024","80,643","79,120","80,800","78,857","146.73K","2.05%"
"07-08-2024","79,020","79,511","79,990","78,925","124.60K","-0.86%"
"06-08-2024","79,707","79,801","80,059","78,402","161.85K","0.01%"
"05-08-2024","79,700","82,861","83,431","78,393","287.90K","-3.46%"
"02-08-2024","82,557","83,000","84,692","81,626","206.17K","-0.15%"
"01-08-2024","82,685","83,799","84,545","82,612","149.50K","-1.13%"
"31-07-2024","83,634","82,745","83,984","82,745","83.09K","1.14%"
"30-07-2024","82,695","81,359","82,831","81,200","113.25K","1.64%"
"29-07-2024","81,358","81,749","82,376","80,356","121.57K","-0.15%"
"26-07-2024","81,481","81,799","81,800","81,051","95.90K","0.08%"
"25-07-2024","81,419","84,779","84,800","80,800","170.63K","-4.21%"
"24-07-2024","84,999","85,199","85,790","84,812","104.00K","-0.01%"
"23-07-2024","85,009","89,101","89,240","84,400","213.10K","-4.71%"
"22-07-2024","89,211","90,100","90,100","88,516","118.77K","-0.50%"
"19-07-2024","89,658","91,511","91,601","89,265","157.34K","-2.27%"
"18-07-2024","91,744","92,113","92,580","91,370","109.93K","-0.16%"
"17-07-2024","91,888","93,343","93,500","91,600","138.69K","-2.00%"
"16-07-2024","93,759","92,741","93,970","92,356","157.59K","1.32%"
"15-07-2024","92,533","93,016","93,350","92,300","123.51K","-0.52%"
"12-07-2024","93,021","94,001","94,001","92,056","155.59K","-1.12%"
"11-07-2024","94,078","93,239","94,479","93,088","150.23K","1.40%"
"10-07-2024","92,777","93,016","93,672","92,646","106.32K","-0.10%"
"09-07-2024","92,872","92,649","93,585","92,330","127.61K","0.36%"
"08-07-2024","92,538","93,350","93,770","92,000","128.28K","-1.01%"
"05-07-2024","93,478","92,007","94,074","91,500","191.56K","1.74%"
"04-07-2024","91,882","91,762","92,140","91,440","73.05K","-0.07%"
"03-07-2024","91,948","90,237","92,319","89,800","182.73K","2.25%"
"02-07-2024","89,928","89,842","90,821","89,555","122.58K","0.17%"
"01-07-2024","89,776","89,536","90,199","89,076","98.60K","2.12%"
"28-06-2024","87,911","87,389","88,774","87,180","0.96K","0.93%"
"27-06-2024","87,105","86,624","87,600","86,400","0.75K","0.14%"
"26-06-2024","86,984","87,300","87,435","86,148","1.28K","0.02%"
"25-06-2024","86,970","88,700","89,138","86,850","3.51K","-1.66%"
"24-06-2024","88,442","89,017","89,150","88,127","22.02K","-0.55%"
"21-06-2024","88,933","91,111","91,338","88,813","97.24K","-2.59%"
"20-06-2024","91,294","89,400","91,470","89,300","117.94K","2.35%"
"19-06-2024","89,201","88,877","89,251","88,604","59.25K","0.32%"
"18-06-2024","88,919","88,968","89,298","87,817","101.70K","0.23%"
"17-06-2024","88,716","88,601","89,250","88,224","53.05K","-0.27%"
"14-06-2024","88,957","88,233","89,077","87,800","110.00K","1.16%"
"13-06-2024","87,934","90,000","90,000","87,355","170.77K","-2.69%"
"12-06-2024","90,362","88,977","91,070","88,840","151.33K","1.94%"
"11-06-2024","88,643","89,801","89,801","88,127","121.85K","-1.43%"
"10-06-2024","89,925","89,620","90,151","88,900","113.13K","0.89%"
"07-06-2024","89,128","93,495","94,489","88,806","275.41K","-4.87%"
"06-06-2024","93,687","90,504","93,780","90,504","179.44K","3.71%"
"05-06-2024","90,338","89,833","90,490","88,888","129.82K","0.83%"
"04-06-2024","89,593","91,941","92,669","89,238","188.73K","-2.60%"
"03-06-2024","91,986","91,451","92,345","89,946","183.77K","0.54%"
"31-05-2024","91,494","93,600","94,993","91,302","228.23K","-2.71%"
"30-05-2024","94,038","95,703","95,793","93,601","182.99K","-2.03%"
"29-05-2024","95,982","95,438","96,370","94,623","157.00K","0.70%"
"28-05-2024","95,315","94,552","96,076","93,174","219.51K","0.93%"
"27-05-2024","94,434","90,999","94,587","90,716","154.51K","4.34%"
"24-05-2024","90,504","90,188","91,301","90,187","113.72K","0.09%"
"23-05-2024","90,419","92,620","92,900","90,240","203.69K","-2.72%"
"22-05-2024","92,946","94,554","94,798","92,701","161.36K","-1.77%"
"21-05-2024","94,619","94,750","95,836","93,001","228.81K","-0.54%"
"20-05-2024","95,130","91,197","95,399","91,055","216.47K","4.75%"
"17-05-2024","90,812","87,001","91,124","86,826","209.37K","4.19%"
"16-05-2024","87,157","86,610","87,366","86,610","118.82K","0.50%"
"15-05-2024","86,727","85,350","86,851","85,060","176.21K","1.72%"
"14-05-2024","85,257","84,774","85,550","84,543","106.39K","0.59%"
"13-05-2024","84,754","84,628","85,078","84,241","80.90K","-0.02%"
"10-05-2024","84,775","84,510","85,666","84,266","140.96K","0.49%"
"09-05-2024","84,362","82,979","84,425","82,957","132.13K","1.80%"
"08-05-2024","82,874","82,804","83,049","82,250","84.39K","0.10%"
"07-05-2024","82,790","82,823","83,200","82,470","71.76K","-0.04%"
"06-05-2024","82,827","81,080","82,891","81,080","137.87K","2.27%"
"03-05-2024","80,991","81,373","81,825","80,486","152.17K","-0.38%"
"02-05-2024","81,302","81,279","81,548","80,302","158.71K","0.14%"
"01-05-2024","81,187","80,920","81,400","80,775","63.43K","2.21%"
"30-04-2024","79,433","80,253","80,490","79,103","1.73K","-1.66%"
"29-04-2024","80,770","79,500","81,413","79,300","3.52K","0.04%"
"26-04-2024","80,741","80,810","81,310","80,406","2.23K","0.11%"
"25-04-2024","80,650","79,875","80,980","79,780","4.43K","0.60%"
"24-04-2024","80,172","80,645","80,800","79,882","30.56K","-0.23%"
"23-04-2024","80,357","80,197","80,884","79,162","89.59K","-0.10%"
"22-04-2024","80,439","82,656","83,565","80,309","122.11K","-3.41%"
"19-04-2024","83,279","83,474","83,675","82,639","81.76K","0.13%"
"18-04-2024","83,169","83,999","84,801","82,970","66.65K","-0.25%"
"17-04-2024","83,377","83,499","84,112","83,096","73.24K","0.00%"
"16-04-2024","83,374","83,800","84,100","82,902","121.90K","-0.38%"
"15-04-2024","83,690","82,845","83,850","82,800","133.51K","1.20%"
"12-04-2024","82,695","82,800","85,950","82,510","227.67K","0.02%"
"11-04-2024","82,675","82,471","82,740","82,017","61.99K","0.25%"
"10-04-2024","82,465","82,400","83,150","81,530","166.18K","0.23%"
"09-04-2024","82,277","81,799","82,860","81,631","141.58K","0.70%"
"08-04-2024","81,709","80,775","81,932","80,630","121.83K","1.23%"
"05-04-2024","80,713","79,600","80,877","78,475","172.75K","1.12%"
"04-04-2024","79,818","78,995","79,955","78,985","113.86K","1.26%"
"03-04-2024","78,827","76,950","78,980","76,950","150.01K","2.56%"
"02-04-2024","76,860","75,600","76,931","75,380","158.25K","1.88%"
"01-04-2024","75,445","75,100","76,171","75,000","160.12K","0.58%"
"28-03-2024","75,012","75,040","75,040","75,040","","0.00%"
"27-03-2024","75,012","75,012","75,012","75,012","","0.00%"
"26-03-2024","75,012","75,012","75,012","75,012","","0.00%"
"25-03-2024","75,012","75,012","75,012","75,012","","0.00%"
"22-03-2024","75,012","75,012","75,012","75,012","","0.00%"
"21-03-2024","75,012","75,012","75,012","75,012","","0.00%"
"20-03-2024","75,012","75,012","75,012","75,012","","0.00%"
"19-03-2024","75,012","75,012","75,012","75,012","","0.00%"
"18-03-2024","75,012","75,012","75,012","75,012","","0.00%"
"15-03-2024","75,012","75,012","75,012","75,012","","0.00%"
"14-03-2024","75,012","75,012","75,012","75,012","","0.00%"
"13-03-2024","75,012","75,012","75,012","75,012","","0.00%"
"12-03-2024","75,012","75,012","75,012","75,012","","0.00%"
"11-03-2024","75,012","75,012","75,012","75,012","","0.00%"
"08-03-2024","75,012","75,012","75,012","75,012","","0.00%"
"07-03-2024","75,012","75,012","75,012","75,012","","0.00%"
"06-03-2024","75,012","75,012","75,012","75,012","","0.00%"
"05-03-2024","75,012","75,012","75,012","75,012","","0.00%"
"04-03-2024","75,012","75,012","75,012","75,012","","0.00%"
"01-03-2024","75,012","75,012","75,012","75,012","","9.28%"
"29-02-2024","68,639","69,270","69,969","68,001","0.33K","-0.65%"
"28-02-2024","69,088","68,889","69,353","68,691","0.91K","-0.14%"
"27-02-2024","69,184","69,598","70,279","69,093","4.08K","-0.42%"
"26-02-2024","69,477","70,035","70,367","69,459","1.64K","-1.20%"
"23-02-2024","70,322","70,117","70,578","69,686","72.76K","0.05%"
"22-02-2024","70,284","70,775","71,199","67,878","132.38K","-0.60%"
"21-02-2024","70,706","71,300","71,449","70,621","55.97K","-0.83%"
"20-02-2024","71,300","71,300","71,584","71,080","52.85K","-0.12%"
"19-02-2024","71,388","71,800","72,025","71,260","48.12K","-0.99%"
"16-02-2024","72,105","71,220","72,175","70,860","133.99K","1.31%"
"15-02-2024","71,175","70,255","71,446","70,056","152.58K","1.34%"
"14-02-2024","70,236","69,805","70,362","69,270","110.15K","0.59%"
"13-02-2024","69,823","71,197","71,575","69,760","167.39K","-1.79%"
"12-02-2024","71,096","70,933","71,870","70,764","159.27K","0.34%"
"09-02-2024","70,858","70,951","71,243","70,567","110.70K","-0.09%"
"08-02-2024","70,923","70,450","71,050","70,062","126.24K","0.63%"
"07-02-2024","70,479","70,601","70,680","70,249","86.61K","-0.35%"
"06-02-2024","70,723","70,800","70,890","70,453","84.64K","0.09%"
"05-02-2024","70,661","71,330","71,330","70,526","103.58K","-0.88%"
"02-02-2024","71,285","72,400","72,467","70,901","158.96K","-1.34%"
"01-02-2024","72,256","72,434","72,489","71,153","204.27K","-0.11%"
"31-01-2024","72,332","72,364","72,690","72,228","91.84K","-0.06%"
"30-01-2024","72,377","72,490","72,720","72,121","109.35K","-0.05%"
"29-01-2024","72,416","71,905","72,563","71,809","121.58K","0.77%"
"25-01-2024","71,861","71,700","72,244","71,700","100.06K","-0.10%"
"24-01-2024","71,931","71,079","72,188","70,975","144.07K","1.20%"
"23-01-2024","71,081","71,150","71,349","70,800","80.75K","0.15%"
"22-01-2024","70,975","71,400","71,400","70,353","77.48K","-0.87%"
"19-01-2024","71,598","71,699","71,978","71,450","92.28K","-0.18%"
"18-01-2024","71,730","71,639","71,785","71,313","95.28K","0.18%"
"17-01-2024","71,604","72,101","72,101","71,500","131.72K","-0.82%"
"16-01-2024","72,198","72,546","72,675","72,110","128.89K","-0.67%"
"15-01-2024","72,686","72,700","72,899","72,466","66.73K","0.20%"
"12-01-2024","72,543","71,600","73,200","71,600","235.91K","1.47%"
"11-01-2024","71,492","72,199","72,550","71,326","194.86K","-0.82%"
"10-01-2024","72,080","72,227","72,440","71,806","118.73K","-0.11%"
"09-01-2024","72,158","72,556","73,000","72,125","122.40K","-0.47%"
"08-01-2024","72,497","72,700","72,700","71,922","129.48K","-0.24%"
"05-01-2024","72,671","72,500","73,399","71,867","216.98K","0.32%"
"04-01-2024","72,437","72,566","72,583","71,751","142.60K","0.02%"
"03-01-2024","72,420","74,062","74,177","72,279","254.73K","-2.32%"
"02-01-2024","74,143","74,487","74,974","74,090","156.76K","-0.34%"
"01-01-2024","74,393","74,351","74,450","74,225","14.78K","-0.03%"
"29-12-2023","74,417","74,907","74,907","73,701","202.76K","-0.78%"
"28-12-2023","74,999","75,550","75,685","74,910","128.57K","-0.77%"
"27-12-2023","75,578","75,198","75,740","74,720","140.42K","0.72%"
"26-12-2023","75,041","75,450","75,639","74,860","101.86K","-0.42%"
"22-12-2023","75,357","75,315","75,933","75,115","145.55K","-0.04%"
"21-12-2023","75,389","75,409","75,724","75,021","145.15K","-0.03%"
"20-12-2023","75,409","74,830","75,698","74,561","150.62K","0.82%"
"19-12-2023","74,799","74,404","75,020","74,274","121.23K","0.50%"
"18-12-2023","74,424","74,680","74,747","74,130","117.31K","-0.19%"
"15-12-2023","74,562","75,149","75,246","74,300","162.12K","-0.61%"
"14-12-2023","75,016","71,800","75,159","71,800","330.24K","4.68%"
"13-12-2023","71,659","72,000","72,050","71,378","156.97K","-0.49%"
"12-12-2023","72,010","72,148","72,925","71,868","179.94K","-0.03%"
"11-12-2023","72,031","72,695","72,729","71,906","160.86K","-0.91%"
"08-12-2023","72,695","74,444","74,777","72,639","291.20K","-2.26%"
"07-12-2023","74,376","74,788","74,950","74,101","174.16K","-0.66%"
"06-12-2023","74,871","75,389","75,599","74,800","163.39K","-0.49%"
"05-12-2023","75,236","76,321","76,321","74,951","238.69K","-1.11%"
"04-12-2023","76,077","77,900","78,315","75,820","257.42K","-2.25%"
"01-12-2023","77,826","77,320","77,950","77,115","160.80K","3.27%"
"30-11-2023","75,359","75,497","76,100","73,000","3.82K","-0.06%"
"29-11-2023","75,403","75,194","75,980","73,000","2.40K","0.34%"
"28-11-2023","75,144","74,698","75,542","74,323","3.20K","0.62%"
"27-11-2023","74,680","73,950","75,062","73,950","2.18K","1.61%"
"24-11-2023","73,495","72,750","73,736","72,552","39.96K","0.91%"
"23-11-2023","72,830","72,861","73,129","72,725","60.56K","-0.04%"
"22-11-2023","72,859","73,094","73,509","72,650","92.95K","-0.53%"
"21-11-2023","73,246","72,940","73,580","72,625","129.14K","0.80%"
"20-11-2023","72,666","72,991","73,351","72,138","118.05K","-0.64%"
"17-11-2023","73,133","73,352","73,899","72,871","151.21K","-0.22%"
"16-11-2023","73,293","72,230","73,696","72,113","211.76K","1.22%"
"15-11-2023","72,409","71,800","72,729","71,723","186.22K","1.09%"
"14-11-2023","71,625","70,089","71,846","69,905","169.89K","2.39%"
"13-11-2023","69,956","70,100","70,155","69,232","123.93K","-0.21%"
"12-11-2023","70,104","70,336","70,336","70,000","6.91K","-0.12%"
"10-11-2023","70,186","71,344","71,400","70,111","154.03K","-1.55%"
"09-11-2023","71,293","71,000","71,734","70,314","189.25K","0.26%"
"08-11-2023","71,111","70,751","71,395","70,271","177.26K","0.51%"
"07-11-2023","70,750","72,040","72,040","70,670","186.43K","-1.97%"
"06-11-2023","72,171","72,066","72,415","71,905","99.81K","-0.11%"
"03-11-2023","72,251","71,238","72,481","71,070","269.74K","1.07%"
"02-11-2023","71,486","71,400","72,185","71,207","178.73K","0.19%"
"01-11-2023","71,348","71,610","71,980","70,964","185.39K","-0.55%"
"31-10-2023","71,742","72,665","72,768","71,609","207.37K","-1.44%"
"30-10-2023","72,790","71,887","73,340","71,887","227.09K","1.42%"
"27-10-2023","71,769","71,700","71,949","71,401","141.47K","0.15%"
"26-10-2023","71,661","71,873","72,349","70,915","212.42K","-0.23%"
"25-10-2023","71,823","71,765","72,092","71,121","159.65K","-0.04%"
"24-10-2023","71,854","72,100","72,100","71,450","90.56K","-0.47%"
"23-10-2023","72,196","72,865","72,900","71,950","157.13K","-1.00%"
"20-10-2023","72,926","71,900","73,478","71,780","300.47K","1.70%"
"19-10-2023","71,704","71,851","72,236","71,250","191.08K","-0.39%"
"18-10-2023","71,987","71,850","72,750","71,382","251.56K","0.48%"
"17-10-2023","71,641","71,101","71,940","70,813","154.59K","0.45%"
"16-10-2023","71,321","71,321","71,448","70,600","79.49K","0.00%"
"13-10-2023","71,321","69,321","71,481","69,321","304.67K","3.08%"
"12-10-2023","69,192","69,712","70,125","69,105","160.46K","-0.51%"
"11-10-2023","69,545","69,244","69,817","69,080","136.56K","0.72%"
"10-10-2023","69,050","69,262","69,262","68,760","110.61K","-0.20%"
"09-10-2023","69,185","68,450","69,300","68,450","152.57K","1.30%"
"06-10-2023","68,294","67,150","68,422","66,840","278.84K","1.93%"
"05-10-2023","67,003","67,211","67,748","66,775","178.08K","-0.12%"
"04-10-2023","67,081","67,507","68,093","66,672","221.78K","-0.72%"
"03-10-2023","67,569","69,910","69,910","65,820","298.89K","-3.50%"
"29-09-2023","70,021","70,950","73,200","69,910","400.61K","-1.03%"
"28-09-2023","70,753","70,780","71,240","70,500","156.78K","0.06%"
"27-09-2023","70,709","71,707","71,707","70,625","187.23K","-1.62%"
"26-09-2023","71,870","72,200","72,200","71,650","143.10K","-0.53%"
"25-09-2023","72,252","73,290","73,600","72,133","184.51K","-1.51%"
"22-09-2023","73,357","73,067","73,750","72,900","145.13K","0.40%"
"21-09-2023","73,067","73,001","73,140","71,500","246.72K","-0.21%"
"20-09-2023","73,219","72,510","73,300","72,231","145.33K","0.83%"
"19-09-2023","72,614","72,615","73,123","72,400","77.05K","0.04%"
"18-09-2023","72,585","72,308","72,668","72,125","120.99K","0.47%"
"15-09-2023","72,246","71,163","72,641","71,163","203.90K","1.61%"
"14-09-2023","71,102","71,470","71,470","70,231","219.52K","-0.62%"
"13-09-2023","71,544","71,800","71,935","71,300","130.84K","-0.65%"
"12-09-2023","72,013","72,175","72,325","71,456","122.94K","-0.03%"
"11-09-2023","72,034","71,820","72,335","71,767","111.62K","0.50%"
"08-09-2023","71,679","72,060","72,423","71,606","142.63K","-0.29%"
"07-09-2023","71,885","72,460","72,489","71,701","141.64K","-0.93%"
"06-09-2023","72,563","73,622","73,752","72,207","206.15K","-1.38%"
"05-09-2023","73,578","74,500","74,500","73,375","173.61K","-1.38%"
"04-09-2023","74,610","75,200","75,449","74,501","82.03K","-0.62%"
"01-09-2023","75,072","75,620","76,465","74,900","171.79K","1.37%"
"31-08-2023","74,060","74,400","74,548","73,961","0.40K","-0.55%"
"30-08-2023","74,466","74,467","75,335","74,269","1.39K","-0.13%"
"29-08-2023","74,562","73,696","74,810","73,116","0.81K","1.51%"
"28-08-2023","73,454","73,160","73,899","73,031","1.87K","0.64%"
"25-08-2023","72,984","73,122","73,563","72,560","28.75K","-0.39%"
"24-08-2023","73,268","73,660","73,696","73,009","67.69K","-0.67%"
"23-08-2023","73,760","71,938","73,800","71,938","120.91K","2.59%"
"22-08-2023","71,896","71,650","71,980","71,502","77.44K","0.39%"
"21-08-2023","71,619","70,425","71,650","70,350","131.49K","1.78%"
"18-08-2023","70,365","70,426","70,630","70,101","82.77K","0.24%"
"17-08-2023","70,197","69,807","70,963","69,609","136.50K","0.41%"
"16-08-2023","69,912","70,400","70,725","69,855","82.81K","-0.30%"
"14-08-2023","70,125","70,071","70,389","69,600","96.11K","-0.05%"
"11-08-2023","70,159","70,250","70,500","69,805","87.16K","0.00%"
"10-08-2023","70,158","70,257","70,786","69,825","150.68K","-0.01%"
"09-08-2023","70,168","70,497","70,745","70,021","116.80K","-0.33%"
"08-08-2023","70,398","71,497","71,497","70,200","135.00K","-1.40%"
"07-08-2023","71,401","72,500","72,500","71,201","127.83K","-1.55%"
"04-08-2023","72,525","72,520","72,980","71,780","145.58K","-0.07%"
"03-08-2023","72,577","72,853","72,889","72,020","155.66K","-0.57%"
"02-08-2023","72,996","73,999","74,700","72,719","178.69K","-1.20%"
"01-08-2023","73,886","75,002","75,031","73,675","147.98K","-1.82%"
"31-07-2023","75,259","74,010","75,299","73,708","133.58K","1.74%"
"28-07-2023","73,969","73,800","74,142","73,511","100.28K","0.41%"
"27-07-2023","73,667","75,400","75,950","73,239","216.05K","-2.03%"
"26-07-2023","75,190","74,600","75,498","74,425","110.63K","0.74%"
"25-07-2023","74,640","74,191","74,777","74,075","111.27K","0.88%"
"24-07-2023","73,986","74,800","74,800","73,660","131.06K","-1.14%"
"21-07-2023","74,839","75,400","75,450","74,702","110.97K","-0.59%"
"20-07-2023","75,284","76,300","76,422","75,077","138.08K","-1.17%"
"19-07-2023","76,177","75,987","76,372","75,722","108.03K","0.37%"
"18-07-2023","75,897","75,400","76,186","75,000","141.59K","0.72%"
"17-07-2023","75,356","75,501","75,625","74,847","111.28K","-0.49%"
"14-07-2023","75,729","75,200","75,878","74,940","166.72K","0.88%"
"13-07-2023","75,069","73,553","75,200","73,487","190.22K","2.22%"
"12-07-2023","73,437","71,400","73,520","71,230","207.14K","3.13%"
"11-07-2023","71,207","71,300","71,865","71,087","116.52K","-0.25%"
"10-07-2023","71,389","71,240","71,438","70,520","115.18K","0.11%"
"07-07-2023","71,313","70,401","71,418","70,205","142.88K","1.29%"
"06-07-2023","70,403","71,500","71,689","70,051","174.42K","-1.39%"
"05-07-2023","71,396","70,450","71,580","70,270","157.42K","1.09%"
"04-07-2023","70,628","70,410","70,769","70,341","62.37K","0.32%"
"03-07-2023","70,400","70,000","70,780","69,933","108.38K","1.88%"
"30-06-2023","69,099","69,685","69,685","68,070","0.65K","0.73%"
"29-06-2023","68,595","69,277","69,299","68,000","0.59K","-1.02%"
"28-06-2023","69,300","69,660","69,660","68,760","1.25K","-0.19%"
"27-06-2023","69,430","69,666","69,899","69,200","1.49K","0.35%"
"26-06-2023","69,189","68,270","69,395","67,590","29.60K","1.65%"
"23-06-2023","68,067","68,111","68,914","67,640","92.34K","-0.55%"
"22-06-2023","68,442","69,151","69,151","68,121","106.05K","-1.32%"
"21-06-2023","69,360","70,440","70,529","68,702","131.92K","-1.58%"
"20-06-2023","70,473","72,400","72,588","70,312","148.36K","-2.71%"
"19-06-2023","72,434","72,659","72,894","72,325","61.39K","-0.26%"
"16-06-2023","72,626","72,250","72,950","72,056","120.43K","0.69%"
"15-06-2023","72,131","72,423","72,423","70,820","185.89K","-0.69%"
"14-06-2023","72,631","72,321","72,750","72,178","87.59K","0.64%"
"13-06-2023","72,167","72,960","73,816","72,100","159.65K","-1.06%"
"12-06-2023","72,943","73,523","73,700","72,742","130.84K","-1.10%"
"09-06-2023","73,752","73,680","74,218","73,456","127.80K","0.20%"
"08-06-2023","73,602","71,900","73,768","71,851","179.80K","2.51%"
"07-06-2023","71,801","71,950","73,100","71,625","193.20K","-0.28%"
"06-06-2023","72,002","71,900","72,500","71,477","144.85K","0.09%"
"05-06-2023","71,936","72,000","72,273","71,302","113.50K","-0.26%"
"02-06-2023","72,123","72,700","72,949","72,035","123.38K","-0.67%"
"01-06-2023","72,612","72,240","72,727","71,302","158.78K","0.67%"
"31-05-2023","72,132","71,050","72,270","70,982","183.10K","1.39%"
"30-05-2023","71,145","71,101","71,500","70,610","135.93K","-0.12%"
"29-05-2023","71,231","71,380","71,600","71,133","75.94K","-0.08%"
"26-05-2023","71,287","70,500","71,485","70,460","166.60K","1.31%"
"25-05-2023","70,367","71,100","71,200","70,251","158.80K","-1.14%"
"24-05-2023","71,181","72,100","72,177","71,000","159.37K","-1.41%"
"23-05-2023","72,200","72,715","72,715","71,250","205.51K","-0.77%"
"22-05-2023","72,763","73,200","73,350","72,607","122.31K","-0.71%"
"19-05-2023","73,284","72,000","73,605","72,000","175.47K","1.58%"
"18-05-2023","72,146","72,610","72,610","71,850","134.89K","-0.67%"
"17-05-2023","72,631","72,602","72,875","72,174","129.47K","0.07%"
"16-05-2023","72,581","73,300","73,300","72,366","166.20K","-1.07%"
"15-05-2023","73,366","73,099","73,620","72,855","116.09K","0.40%"
"12-05-2023","73,073","73,700","73,737","72,550","197.18K","-0.99%"
"11-05-2023","73,804","76,450","76,500","73,735","288.07K","-3.55%"
"10-05-2023","76,517","77,151","77,845","76,136","200.26K","-0.91%"
"09-05-2023","77,219","76,940","77,286","76,505","131.64K","0.42%"
"08-05-2023","76,899","76,951","77,180","76,700","102.19K","0.10%"
"05-05-2023","76,823","77,900","78,063","75,811","220.23K","-1.26%"
"04-05-2023","77,803","76,500","77,900","76,500","184.61K","1.82%"
"03-05-2023","76,412","76,151","76,620","75,700","142.34K","0.42%"
"02-05-2023","76,091","75,200","76,569","74,444","235.60K","1.01%"
"01-05-2023","75,333","75,400","77,600","75,150","212.54K","1.70%"
"28-04-2023","74,073","73,666","74,479","73,550","1.45K","0.01%"
"27-04-2023","74,063","74,397","74,547","73,100","1.08K","0.40%"
"26-04-2023","73,768","74,399","74,737","73,700","1.75K","-0.56%"
"25-04-2023","74,185","74,659","75,380","73,227","8.16K","-0.48%"
"24-04-2023","74,543","74,420","74,700","74,000","29.67K","0.08%"
"21-04-2023","74,486","75,200","75,300","74,342","105.47K","-1.00%"
"20-04-2023","75,240","75,200","75,700","74,801","112.79K","-0.01%"
"19-04-2023","75,249","75,057","75,398","73,850","151.85K","0.21%"
"18-04-2023","75,090","74,724","75,437","74,428","102.94K","0.54%"
"17-04-2023","74,684","75,499","76,130","74,290","135.38K","-1.14%"
"14-04-2023","75,545","76,900","77,414","75,101","148.86K","-1.60%"
"13-04-2023","76,777","75,850","76,900","75,681","131.96K","1.37%"
"12-04-2023","75,741","75,000","76,445","75,000","188.43K","1.11%"
"11-04-2023","74,911","74,599","75,000","74,410","105.67K","0.89%"
"10-04-2023","74,248","74,402","74,890","74,050","105.41K","-0.27%"
"06-04-2023","74,452","74,280","74,694","73,658","122.59K","0.01%"
"05-04-2023","74,448","74,565","75,015","73,809","188.40K","0.00%"
"04-04-2023","74,445","72,157","74,510","71,928","163.96K","3.40%"
"03-04-2023","71,998","72,000","72,635","71,351","155.00K","-0.11%"
"31-03-2023","72,078","71,700","72,425","71,465","137.73K","0.56%"
"30-03-2023","71,676","70,699","71,949","70,699","126.68K","1.43%"
"29-03-2023","70,668","70,490","70,740","70,153","104.08K","0.25%"
"28-03-2023","70,494","70,000","70,573","69,551","128.92K","0.85%"
"27-03-2023","69,898","70,349","70,376","69,650","123.74K","-0.66%"
"24-03-2023","70,362","70,000","71,339","69,885","208.76K","0.34%"
"23-03-2023","70,126","69,369","70,189","69,369","151.15K","1.21%"
"22-03-2023","69,288","68,500","69,449","68,452","148.51K","1.23%"
"21-03-2023","68,445","69,000","69,276","68,213","164.67K","-0.62%"
"20-03-2023","68,870","68,500","69,530","68,157","230.34K","0.57%"
"17-03-2023","68,477","66,754","68,673","66,754","236.60K","2.74%"
"16-03-2023","66,652","67,200","67,870","66,356","227.48K","-1.04%"
"15-03-2023","67,353","66,900","68,689","66,311","301.14K","0.54%"
"14-03-2023","66,988","66,600","67,212","66,065","223.39K","0.42%"
"13-03-2023","66,706","63,300","66,789","63,300","349.10K","5.57%"
"10-03-2023","63,187","62,200","63,850","61,640","241.01K","1.45%"
"09-03-2023","62,281","62,049","62,662","61,800","128.11K","0.25%"
"08-03-2023","62,124","62,505","62,505","61,913","139.21K","-0.73%"
"07-03-2023","62,579","64,562","64,562","62,510","153.01K","-3.17%"
"06-03-2023","64,625","64,700","65,149","64,570","89.76K","-0.01%"
"03-03-2023","64,633","64,323","64,872","64,121","123.61K","0.48%"
"02-03-2023","64,324","64,627","64,781","64,161","118.71K","-0.69%"
"01-03-2023","64,774","64,950","65,280","64,639","154.67K","2.37%"
"28-02-2023","63,275","62,825","63,589","62,360","0.40K","0.47%"
"27-02-2023","62,981","62,595","63,700","62,502","0.95K","-0.73%"
"24-02-2023","63,441","64,502","64,678","63,391","1.29K","-1.59%"
"23-02-2023","64,468","65,344","65,500","64,382","3.11K","-1.16%"
"22-02-2023","65,227","66,119","66,119","64,880","38.16K","-1.20%"
"21-02-2023","66,018","65,849","66,218","65,591","87.37K","0.14%"
"20-02-2023","65,927","65,690","66,099","65,690","68.35K","0.11%"
"17-02-2023","65,852","65,700","65,899","64,755","138.97K","-0.03%"
"16-02-2023","65,874","65,786","66,000","65,342","117.65K","0.27%"
"15-02-2023","65,698","66,349","66,360","65,430","110.08K","-1.13%"
"14-02-2023","66,449","66,505","66,775","65,938","180.55K","0.04%"
"13-02-2023","66,425","66,712","66,819","66,342","108.09K","-0.68%"
"10-02-2023","66,883","67,200","67,325","66,520","138.19K","-0.53%"
"09-02-2023","67,238","67,790","68,040","67,014","150.78K","-0.78%"
"08-02-2023","67,766","67,600","67,994","67,401","122.31K","0.08%"
"07-02-2023","67,715","67,700","68,016","67,326","145.27K","0.19%"
"06-02-2023","67,586","67,636","68,275","67,444","148.90K","-0.24%"
"03-02-2023","67,747","70,170","70,479","67,575","313.29K","-3.37%"
"02-02-2023","70,108","69,800","72,450","69,800","319.88K","0.57%"
"01-02-2023","69,713","68,851","69,999","68,625","172.30K","1.29%"
"31-01-2023","68,825","68,700","68,867","67,806","198.05K","0.26%"
"30-01-2023","68,649","68,473","68,820","68,405","111.55K","0.32%"
"27-01-2023","68,433","68,726","68,925","68,101","156.89K","-0.38%"
"25-01-2023","68,696","68,500","68,786","68,066","165.72K","0.13%"
"24-01-2023","68,607","68,222","68,749","67,950","226.20K","0.77%"
"23-01-2023","68,081","68,750","69,142","67,002","279.04K","-0.80%"
"20-01-2023","68,630","68,549","69,130","68,040","159.35K","0.33%"
"19-01-2023","68,407","68,202","68,544","67,540","186.13K","0.13%"
"18-01-2023","68,320","69,376","69,723","68,211","215.52K","-1.33%"
"17-01-2023","69,238","69,730","69,789","69,072","150.22K","-0.73%"
"16-01-2023","69,750","69,400","69,999","69,213","128.64K","0.54%"
"13-01-2023","69,378","68,750","69,410","68,179","215.63K","1.02%"
"12-01-2023","68,675","68,200","69,225","68,200","220.52K","0.91%"
"11-01-2023","68,058","68,550","69,200","67,705","199.47K","-0.58%"
"10-01-2023","68,454","68,801","68,801","68,151","146.03K","-0.69%"
"09-01-2023","68,930","69,248","69,760","68,833","147.68K","-0.27%"
"06-01-2023","69,117","68,250","69,200","68,250","182.44K","1.40%"
"05-01-2023","68,164","69,319","69,499","67,911","220.42K","-1.67%"
"04-01-2023","69,319","70,075","70,669","69,111","217.64K","-0.82%"
"03-01-2023","69,894","69,650","70,979","69,650","230.68K","0.53%"
"02-01-2023","69,526","69,310","69,620","69,310","43.87K","0.25%"
"30-12-2022","69,352","69,799","69,917","68,762","244.05K","-0.46%"
"29-12-2022","69,673","68,802","69,800","68,709","162.18K","0.99%"
"28-12-2022","68,989","69,899","69,899","68,661","189.96K","-1.10%"
"27-12-2022","69,756","69,200","70,239","69,181","220.69K","1.02%"
"26-12-2022","69,050","69,000","69,200","68,300","51.07K","0.07%"
"23-12-2022","69,004","68,640","69,250","68,640","151.06K","0.68%"
"22-12-2022","68,540","69,800","69,800","68,475","201.77K","-1.61%"
"21-12-2022","69,665","69,555","69,980","69,300","167.31K","0.16%"
"20-12-2022","69,555","67,688","69,663","67,379","277.10K","2.97%"
"19-12-2022","67,546","67,700","68,227","67,230","178.27K","-0.11%"
"16-12-2022","67,617","67,819","67,827","66,820","243.65K","-0.30%"
"15-12-2022","67,819","69,200","69,200","67,460","231.26K","-2.03%"
"14-12-2022","69,226","68,849","69,325","68,674","154.75K","0.75%"
"13-12-2022","68,713","67,910","69,485","67,580","265.89K","1.38%"
"12-12-2022","67,780","67,854","68,273","67,500","178.92K","-0.30%"
"09-12-2022","67,982","67,150","68,178","66,900","244.06K","1.47%"
"08-12-2022","66,997","66,100","67,240","66,031","173.38K","1.12%"
"07-12-2022","66,258","65,780","66,377","65,501","181.72K","1.16%"
"06-12-2022","65,500","65,400","66,164","65,323","202.54K","0.29%"
"05-12-2022","65,313","66,450","67,381","65,211","269.84K","-1.64%"
"02-12-2022","66,404","65,435","66,652","65,075","295.33K","1.59%"
"01-12-2022","65,365","63,643","65,983","63,643","264.23K","4.55%"
"30-11-2022","62,521","61,854","63,100","61,521","0.72K","1.48%"
"29-11-2022","61,610","61,592","62,080","61,355","0.65K","0.63%"
"28-11-2022","61,225","61,781","62,354","61,063","1.94K","-0.81%"
"25-11-2022","61,723","61,999","62,150","61,491","3.37K","-0.41%"
"24-11-2022","61,978","61,794","62,300","61,794","24.12K","0.51%"
"23-11-2022","61,662","61,290","61,773","61,003","137.68K","0.83%"
"22-11-2022","61,153","60,990","61,716","60,990","120.66K","0.47%"
"21-11-2022","60,865","61,020","61,020","60,460","135.39K","-0.46%"
"18-11-2022","61,147","61,500","61,724","60,870","151.11K","-0.16%"
"17-11-2022","61,242","62,288","62,288","61,024","195.65K","-1.46%"
"16-11-2022","62,147","62,087","62,885","61,951","212.34K","0.45%"
"15-11-2022","61,867","62,534","63,083","61,761","228.35K","-1.05%"
"14-11-2022","62,524","61,801","62,666","61,689","215.01K","1.12%"
"11-11-2022","61,834","62,288","62,945","61,401","242.54K","-0.51%"
"10-11-2022","62,154","61,600","62,990","61,433","237.36K","0.57%"
"09-11-2022","61,799","62,008","62,400","61,505","246.23K","-0.56%"
"08-11-2022","62,146","61,000","62,450","60,710","183.60K","1.61%"
"07-11-2022","61,160","60,500","61,500","60,331","217.29K","0.59%"
"04-11-2022","60,803","58,899","60,998","58,899","357.74K","3.47%"
"03-11-2022","58,765","59,255","59,255","57,627","301.60K","-0.85%"
"02-11-2022","59,266","59,324","59,750","59,105","148.98K","-0.04%"
"01-11-2022","59,289","58,250","59,982","58,250","307.47K","1.93%"
"31-10-2022","58,165","58,001","58,295","57,666","168.07K","0.27%"
"28-10-2022","58,010","58,698","58,880","57,644","213.30K","-1.18%"
"27-10-2022","58,702","58,621","58,949","58,300","194.73K","0.10%"
"26-10-2022","58,641","58,581","58,889","58,459","101.79K","0.23%"
"25-10-2022","58,506","58,000","58,650","57,357","246.19K","0.49%"
"24-10-2022","58,221","58,240","58,510","58,011","23.33K","0.21%"
"21-10-2022","58,097","57,220","58,183","56,259","318.05K","1.46%"
"20-10-2022","57,259","56,601","57,777","56,214","219.68K","1.08%"
"19-10-2022","56,646","57,000","57,067","56,550","127.26K","-0.52%"
"18-10-2022","56,940","57,081","57,422","56,501","176.79K","0.05%"
"17-10-2022","56,912","56,200","57,429","56,150","188.29K","1.82%"
"14-10-2022","55,895","57,775","58,065","55,600","269.70K","-3.11%"
"13-10-2022","57,688","57,801","58,515","56,800","247.40K","-0.37%"
"12-10-2022","57,905","58,828","58,828","57,751","180.77K","-2.02%"
"11-10-2022","59,097","59,535","59,535","58,580","184.54K","-0.84%"
"10-10-2022","59,597","60,761","60,761","59,351","195.93K","-2.54%"
"07-10-2022","61,149","61,800","62,199","60,774","252.12K","-0.81%"
"06-10-2022","61,647","61,288","61,999","61,146","210.70K","0.92%"
"05-10-2022","61,085","61,777","61,777","59,825","194.63K","-1.77%"
"04-10-2022","62,183","61,450","62,642","61,300","268.59K","1.61%"
"03-10-2022","61,197","57,500","61,270","57,500","403.79K","6.64%"
"30-09-2022","57,385","56,880","57,785","56,821","259.82K","1.13%"
"29-09-2022","56,743","57,022","57,039","56,316","215.45K","-0.53%"
"28-09-2022","57,044","55,900","57,120","55,055","315.75K","1.82%"
"27-09-2022","56,026","56,140","56,735","55,853","222.80K","0.06%"
"26-09-2022","55,992","56,855","57,320","55,882","245.48K","-1.47%"
"23-09-2022","56,829","58,396","58,650","56,637","284.42K","-2.76%"
"22-09-2022","58,444","57,621","58,869","57,436","227.76K","1.14%"
"21-09-2022","57,785","57,051","58,134","57,010","204.11K","1.53%"
"20-09-2022","56,912","57,500","57,600","56,721","147.71K","-0.54%"
"19-09-2022","57,223","57,200","57,548","57,011","153.33K","-0.05%"
"16-09-2022","57,254","56,900","57,499","56,000","248.73K","0.48%"
"15-09-2022","56,979","57,401","57,671","56,730","196.28K","-0.90%"
"14-09-2022","57,498","57,112","57,730","56,870","169.83K","0.28%"
"13-09-2022","57,340","58,005","58,136","57,084","246.41K","-1.07%"
"12-09-2022","57,958","55,741","58,260","55,675","328.52K","4.10%"
"09-09-2022","55,673","55,000","55,754","55,000","183.54K","1.33%"
"08-09-2022","54,942","54,673","55,374","54,560","186.75K","0.48%"
"07-09-2022","54,682","53,845","54,761","53,426","184.60K","1.46%"
"06-09-2022","53,897","54,249","54,960","53,850","194.00K","-0.33%"
"05-09-2022","54,075","53,796","54,248","53,771","80.94K","0.58%"
"02-09-2022","53,763","53,321","54,325","53,135","180.43K","0.86%"
"01-09-2022","53,302","53,800","53,800","52,666","168.53K","-1.10%"
"31-08-2022","53,893","53,893","53,893","53,893","","-1.11%"
"30-08-2022","54,497","55,057","55,088","54,277","0.02K","-0.83%"
"29-08-2022","54,953","54,589","55,319","54,231","1.20K","-0.82%"
"26-08-2022","55,405","55,885","56,330","55,261","1.52K","-0.68%"
"25-08-2022","55,782","55,499","56,190","55,484","2.83K","1.03%"
"24-08-2022","55,216","55,355","55,812","55,050","75.91K","-0.82%"
"23-08-2022","55,675","55,877","56,077","55,165","145.93K","-0.01%"
"22-08-2022","55,679","56,200","56,288","55,212","128.13K","-1.04%"
"19-08-2022","56,265","57,100","57,100","56,060","134.43K","-1.65%"
"18-08-2022","57,211","57,480","57,900","57,138","133.30K","-0.72%"
"17-08-2022","57,627","58,300","58,565","57,466","134.10K","-1.11%"
"16-08-2022","58,274","59,550","59,550","57,961","153.43K","-2.41%"
"12-08-2022","59,713","59,130","59,832","58,902","142.25K","1.18%"
"11-08-2022","59,016","59,380","59,600","58,837","148.83K","-0.73%"
"10-08-2022","59,452","59,250","59,799","58,965","153.02K","0.21%"
"09-08-2022","59,327","59,598","59,800","59,160","95.94K","-0.32%"
"08-08-2022","59,518","57,956","59,647","57,876","208.71K","2.60%"
"05-08-2022","58,009","58,627","58,819","57,375","204.63K","-0.94%"
"04-08-2022","58,559","58,300","58,977","58,180","184.76K","0.65%"
"03-08-2022","58,180","58,190","58,498","57,856","151.30K","-0.16%"
"02-08-2022","58,275","58,780","58,920","58,152","186.72K","-0.96%"
"01-08-2022","58,838","58,566","59,230","58,374","150.94K","0.10%"
"29-07-2022","58,782","58,300","58,840","58,021","186.97K","1.08%"
"28-07-2022","58,156","55,750","58,244","55,750","291.36K","4.61%"
"27-07-2022","55,591","55,410","55,847","55,150","133.95K","0.18%"
"26-07-2022","55,490","55,402","55,599","55,150","112.84K","0.40%"
"25-07-2022","55,268","55,830","55,897","55,050","138.95K","-1.15%"
"22-07-2022","55,912","55,925","56,418","55,858","138.27K","-0.31%"
"21-07-2022","56,087","56,202","56,202","55,021","236.52K","-0.31%"
"20-07-2022","56,264","56,402","56,790","56,150","123.35K","-0.09%"
"19-07-2022","56,317","56,502","56,539","56,033","94.82K","-0.50%"
"18-07-2022","56,601","56,243","56,853","56,243","128.23K","0.80%"
"15-07-2022","56,154","55,831","56,347","55,155","197.39K","0.80%"
"14-07-2022","55,708","57,402","57,435","55,402","263.31K","-3.24%"
"13-07-2022","57,574","56,905","57,798","56,780","166.63K","1.09%"
"12-07-2022","56,951","57,370","57,380","56,539","161.82K","-0.78%"
"11-07-2022","57,401","57,425","57,723","57,332","102.79K","-0.31%"
"08-07-2022","57,582","57,355","57,813","56,941","158.40K","0.26%"
"07-07-2022","57,432","57,400","57,877","57,205","147.41K","0.38%"
"06-07-2022","57,214","57,500","57,818","56,603","222.51K","-0.27%"
"05-07-2022","57,370","59,000","59,348","57,230","212.55K","-2.54%"
"04-07-2022","58,865","58,702","58,999","58,527","80.12K","0.44%"
"01-07-2022","58,606","59,153","59,850","58,015","233.56K","-0.84%"
"30-06-2022","59,101","59,664","59,800","58,857","0.02K","-0.74%"
"29-06-2022","59,542","60,091","60,264","59,379","0.05K","-0.86%"
"28-06-2022","60,059","60,510","61,226","59,900","1.08K","-0.72%"
"27-06-2022","60,495","60,544","61,300","60,310","2.35K","0.74%"
"24-06-2022","60,048","59,500","60,341","59,110","50.79K","0.30%"
"23-06-2022","59,870","60,928","60,980","59,616","145.81K","-1.85%"
"22-06-2022","60,997","61,508","61,508","60,507","123.72K","-0.98%"
"21-06-2022","61,599","61,229","61,944","60,913","129.93K","0.80%"
"20-06-2022","61,111","61,529","61,580","61,032","98.95K","-0.29%"
"17-06-2022","61,287","61,806","61,984","61,220","130.53K","-0.81%"
"16-06-2022","61,789","61,189","61,894","60,620","200.66K","1.28%"
"15-06-2022","61,009","59,990","61,440","59,990","182.29K","1.88%"
"14-06-2022","59,884","60,565","60,747","59,750","158.98K","-1.21%"
"13-06-2022","60,617","62,040","62,040","60,103","216.13K","-2.52%"
"10-06-2022","62,186","61,594","62,300","60,589","231.87K","0.83%"
"09-06-2022","61,673","62,350","62,494","61,268","157.05K","-1.01%"
"08-06-2022","62,305","62,411","62,645","61,770","160.58K","-0.32%"
"07-06-2022","62,504","62,535","62,590","61,850","144.80K","-0.11%"
"06-06-2022","62,575","62,093","63,240","62,093","177.62K","0.97%"
"03-06-2022","61,973","62,660","63,150","61,882","179.36K","-1.00%"
"02-06-2022","62,599","61,715","62,668","61,646","153.60K","1.16%"
"01-06-2022","61,882","61,412","61,993","60,827","163.32K","0.67%"
"31-05-2022","61,468","62,200","62,200","61,101","165.18K","-1.18%"
"30-05-2022","62,202","62,480","62,866","62,036","102.42K","-0.36%"
"27-05-2022","62,424","62,175","63,098","62,175","157.50K","0.54%"
"26-05-2022","62,086","61,870","62,280","61,571","113.11K","0.37%"
"25-05-2022","61,860","62,100","62,397","61,565","118.74K","-0.68%"
"24-05-2022","62,283","61,615","62,500","61,400","151.02K","1.04%"
"23-05-2022","61,643","61,770","62,560","61,451","158.15K","-0.14%"
"20-05-2022","61,728","61,686","62,285","61,495","130.14K","-0.19%"
"19-05-2022","61,846","61,012","62,022","60,525","176.48K","1.18%"
"18-05-2022","61,123","61,295","61,630","60,828","136.57K","-0.59%"
"17-05-2022","61,483","61,324","61,850","61,122","133.01K","0.39%"
"16-05-2022","61,247","59,728","61,325","59,652","167.79K","2.64%"
"13-05-2022","59,669","59,400","59,800","58,560","182.24K","0.92%"
"12-05-2022","59,125","61,050","61,050","59,009","206.07K","-3.24%"
"11-05-2022","61,106","60,700","61,866","60,555","187.92K","0.24%"
"10-05-2022","60,962","61,990","62,330","60,765","184.06K","-1.48%"
"09-05-2022","61,877","62,800","63,100","61,565","181.13K","-1.64%"
"06-05-2022","62,908","62,656","63,325","62,411","131.39K","0.33%"
"05-05-2022","62,703","62,697","64,555","62,519","215.19K","0.35%"
"04-05-2022","62,487","63,396","63,396","62,310","121.46K","-1.43%"
"03-05-2022","63,393","63,400","63,835","62,852","97.38K","0.15%"
"02-05-2022","63,296","64,504","64,504","62,390","191.08K","-1.96%"
"29-04-2022","64,560","64,300","65,202","63,890","0.06K","0.61%"
"28-04-2022","64,169","64,414","64,499","63,872","0.15K","-1.04%"
"27-04-2022","64,844","65,175","65,399","64,651","0.51K","-0.61%"
"26-04-2022","65,240","65,760","65,900","65,143","1.49K","-0.06%"
"25-04-2022","65,279","66,700","66,700","64,905","21.75K","-2.16%"
"22-04-2022","66,717","67,322","67,473","66,400","84.85K","-0.90%"
"21-04-2022","67,322","68,300","68,399","67,086","107.20K","-1.72%"
"20-04-2022","68,502","68,556","68,734","68,122","93.36K","-0.53%"
"19-04-2022","68,865","69,965","70,439","68,650","151.39K","-1.70%"
"18-04-2022","70,053","69,161","70,730","69,161","116.85K","1.39%"
"14-04-2022","69,095","69,275","69,469","68,622","80.07K","-0.57%"
"13-04-2022","69,493","68,840","69,599","68,420","107.39K","0.91%"
"12-04-2022","68,865","67,595","69,040","67,595","161.34K","2.04%"
"11-04-2022","67,490","67,055","68,538","67,055","159.33K","0.50%"
"08-04-2022","67,152","66,934","67,240","66,605","122.24K","0.32%"
"07-04-2022","66,941","66,660","66,984","66,383","119.62K","0.61%"
"06-04-2022","66,534","66,488","66,848","66,116","131.64K","0.14%"
"05-04-2022","66,444","66,512","67,300","66,272","161.00K","-0.13%"
"04-04-2022","66,530","66,985","67,280","66,210","153.19K","-0.66%"
"01-04-2022","66,971","67,468","67,598","66,770","141.82K","-1.02%"
"31-03-2022","67,662","67,482","68,040","66,755","139.14K","0.08%"
"30-03-2022","67,608","67,250","67,950","67,203","125.95K","0.72%"
"29-03-2022","67,127","68,230","68,230","65,600","234.28K","-1.71%"
"28-03-2022","68,292","68,835","68,835","68,011","122.76K","-1.00%"
"25-03-2022","68,979","69,555","69,585","68,705","120.22K","-0.61%"
"24-03-2022","69,401","68,425","69,744","68,253","175.45K","1.46%"
"23-03-2022","68,403","67,865","68,550","67,624","136.38K","0.79%"
"22-03-2022","67,865","68,550","69,195","67,351","175.60K","-0.95%"
"21-03-2022","68,519","68,155","68,750","68,100","127.30K","0.65%"
"18-03-2022","68,079","68,749","68,750","67,869","87.49K","-0.80%"
"17-03-2022","68,625","67,577","69,149","67,577","164.70K","1.64%"
"16-03-2022","67,517","68,601","68,601","67,327","156.08K","-1.39%"
"15-03-2022","68,466","68,940","68,940","67,802","199.67K","-0.76%"
"14-03-2022","68,993","70,200","70,395","68,632","193.88K","-2.02%"
"11-03-2022","70,412","70,220","70,695","69,350","198.76K","-0.12%"
"10-03-2022","70,500","69,516","70,800","69,000","230.70K","1.16%"
"09-03-2022","69,692","72,190","73,057","69,426","285.59K","-2.42%"
"08-03-2022","71,418","70,140","72,869","69,900","341.76K","1.93%"
"07-03-2022","70,069","69,400","71,320","69,400","268.27K","1.17%"
"04-03-2022","69,257","68,149","69,441","68,149","171.48K","1.76%"
"03-03-2022","68,061","67,980","68,878","67,851","167.91K","0.33%"
"02-03-2022","67,836","68,022","68,395","67,485","186.17K","-0.68%"
"01-03-2022","68,302","66,335","68,549","66,335","146.12K","4.06%"
"28-02-2022","65,637","65,499","65,962","64,500","0.15K","1.90%"
"25-02-2022","64,411","65,595","66,999","64,229","0.42K","-3.05%"
"24-02-2022","66,434","65,905","68,860","65,871","1.78K","2.26%"
"23-02-2022","64,967","64,361","65,213","64,112","2.15K","0.61%"
"22-02-2022","64,574","63,998","64,723","63,998","27.38K","1.33%"
"21-02-2022","63,727","64,050","64,050","63,419","73.00K","-0.45%"
"18-02-2022","64,016","63,851","64,337","63,533","105.80K","0.03%"
"17-02-2022","63,998","63,260","64,170","63,117","112.04K","0.86%"
"16-02-2022","63,455","63,000","63,624","62,970","88.92K","0.44%"
"15-02-2022","63,176","64,596","64,782","62,758","139.68K","-1.90%"
"14-02-2022","64,400","63,250","64,693","63,250","140.46K","1.94%"
"11-02-2022","63,175","63,290","63,290","62,282","142.86K","-0.45%"
"10-02-2022","63,458","62,780","63,767","62,717","152.78K","0.89%"
"09-02-2022","62,900","62,720","62,990","62,527","99.94K","0.46%"
"08-02-2022","62,609","62,190","62,712","61,820","118.76K","0.52%"
"07-02-2022","62,288","61,277","62,350","61,277","124.98K","1.83%"
"04-02-2022","61,170","61,220","61,599","60,580","169.70K","0.18%"
"03-02-2022","61,060","61,690","61,722","60,310","165.02K","-1.21%"
"02-02-2022","61,810","61,636","62,080","61,300","119.42K","0.22%"
"01-02-2022","61,676","61,450","62,475","61,220","156.89K","0.59%"
"31-01-2022","61,316","61,450","61,843","61,175","106.34K","0.01%"
"28-01-2022","61,311","62,380","62,520","61,072","167.17K","-1.44%"
"27-01-2022","62,209","64,101","64,101","62,055","205.34K","-3.21%"
"25-01-2022","64,271","64,100","64,552","63,900","100.26K","0.18%"
"24-01-2022","64,157","64,901","65,169","63,777","144.92K","-1.28%"
"21-01-2022","64,992","65,436","65,539","64,810","138.46K","-0.85%"
"20-01-2022","65,548","64,501","65,650","64,300","160.33K","1.47%"
"19-01-2022","64,598","63,200","64,716","63,200","164.68K","2.12%"
"18-01-2022","63,260","62,222","63,650","61,950","208.99K","1.75%"
"17-01-2022","62,170","61,990","62,310","61,900","57.96K","0.46%"
"14-01-2022","61,887","62,101","62,620","61,801","133.58K","-0.47%"
"13-01-2022","62,182","62,001","62,500","62,001","108.25K","0.13%"
"12-01-2022","62,103","61,399","62,139","61,267","134.16K","1.17%"
"11-01-2022","61,384","61,020","61,444","60,932","105.01K","0.70%"
"10-01-2022","60,960","60,963","61,033","60,570","102.46K","0.11%"
"07-01-2022","60,892","60,798","60,999","60,325","135.03K","0.26%"
"06-01-2022","60,735","62,435","62,435","60,530","210.35K","-2.83%"
"05-01-2022","62,506","62,484","62,800","62,100","117.27K","0.04%"
"04-01-2022","62,484","61,925","62,620","61,803","135.95K","0.75%"
"03-01-2022","62,016","62,836","62,888","61,800","162.79K","-1.39%"
"31-12-2021","62,892","62,450","62,940","62,380","101.90K","0.75%"
"30-12-2021","62,423","62,001","62,488","61,547","117.44K","0.50%"
"29-12-2021","62,110","62,772","62,918","61,701","141.68K","-1.09%"
"28-12-2021","62,792","62,610","63,450","62,610","136.19K","0.32%"
"27-12-2021","62,592","62,570","62,880","62,006","124.13K","0.01%"
"24-12-2021","62,584","62,625","62,697","62,485","28.74K","0.01%"
"23-12-2021","62,577","62,505","62,750","62,120","104.52K","0.19%"
"22-12-2021","62,457","62,162","62,557","61,908","100.65K","0.59%"
"21-12-2021","62,093","61,526","62,621","61,526","127.98K","0.59%"
"20-12-2021","61,729","62,213","62,235","61,500","94.87K","-1.10%"
"17-12-2021","62,417","62,410","62,700","62,205","102.57K","0.00%"
"16-12-2021","62,414","60,699","62,498","60,699","173.34K","3.10%"
"15-12-2021","60,540","61,000","61,297","60,385","130.66K","-0.95%"
"14-12-2021","61,123","61,744","61,880","60,580","141.29K","-1.19%"
"13-12-2021","61,856","61,527","62,000","61,468","88.30K","0.69%"
"10-12-2021","61,433","61,125","61,550","60,645","124.00K","0.55%"
"09-12-2021","61,094","61,808","62,000","60,711","143.07K","-1.29%"
"08-12-2021","61,891","62,113","62,238","61,666","95.55K","-0.35%"
"07-12-2021","62,111","61,599","62,300","61,440","137.91K","0.87%"
"06-12-2021","61,573","61,851","61,989","61,155","114.41K","-0.36%"
"03-12-2021","61,794","61,670","62,000","60,913","171.82K","0.60%"
"02-12-2021","61,424","61,699","61,785","61,059","142.70K","-0.31%"
"01-12-2021","61,616","62,588","62,940","61,500","179.37K","-0.64%"
"30-11-2021","62,012","62,177","62,621","61,568","0.09K","0.13%"
"29-11-2021","61,932","62,975","62,975","61,350","0.11K","-0.71%"
"26-11-2021","62,372","63,217","63,717","61,954","0.26K","-0.95%"
"25-11-2021","62,972","62,861","63,599","62,726","0.66K","0.58%"
"24-11-2021","62,609","62,702","62,997","62,450","27.96K","0.05%"
"23-11-2021","62,575","64,828","64,948","62,328","134.15K","-3.35%"
"22-11-2021","64,745","65,900","66,147","64,587","152.07K","-1.47%"
"19-11-2021","65,714","66,059","66,360","65,472","95.72K","-0.65%"
"18-11-2021","66,141","66,699","66,800","65,720","152.51K","-0.94%"
"17-11-2021","66,769","66,597","66,960","66,400","109.12K","0.56%"
"16-11-2021","66,400","66,990","67,536","66,333","176.27K","-0.47%"
"15-11-2021","66,715","67,059","67,294","66,450","144.80K","-0.78%"
"12-11-2021","67,242","66,958","67,480","66,415","168.99K","0.30%"
"11-11-2021","67,043","66,000","67,126","65,990","164.48K","1.51%"
"10-11-2021","66,048","64,800","66,851","64,501","256.81K","2.00%"
"09-11-2021","64,755","65,098","65,238","64,350","138.76K","-0.41%"
"08-11-2021","65,024","64,656","65,193","64,508","125.80K","0.82%"
"05-11-2021","64,498","64,135","64,666","63,501","102.80K","0.32%"
"04-11-2021","64,292","62,880","64,400","62,880","44.32K","2.50%"
"03-11-2021","62,726","63,355","63,700","62,300","156.52K","-1.20%"
"02-11-2021","63,486","64,855","64,970","63,351","160.76K","-2.26%"
"01-11-2021","64,956","64,530","65,150","64,420","106.61K","0.36%"
"29-10-2021","64,725","65,013","65,100","64,223","172.68K","-0.59%"
"28-10-2021","65,107","65,294","65,500","64,881","128.78K","-0.35%"
"27-10-2021","65,337","65,120","65,690","64,721","148.34K","0.25%"
"26-10-2021","65,173","66,411","66,411","64,811","178.75K","-1.63%"
"25-10-2021","66,255","65,990","66,529","65,784","135.23K","0.68%"
"22-10-2021","65,809","65,332","66,823","65,229","273.47K","0.91%"
"21-10-2021","65,215","65,787","66,055","65,120","191.52K","-0.73%"
"20-10-2021","65,692","64,550","65,850","64,500","213.41K","1.68%"
"19-10-2021","64,608","63,500","65,346","63,500","240.33K","1.82%"
"18-10-2021","63,451","63,419","63,820","63,051","163.08K","-0.01%"
"15-10-2021","63,460","63,545","63,640","62,905","109.03K","-0.40%"
"14-10-2021","63,714","63,000","63,990","62,703","181.73K","1.01%"
"13-10-2021","63,079","61,900","63,369","61,786","230.38K","2.03%"
"12-10-2021","61,827","61,900","62,340","61,470","164.88K","-0.23%"
"11-10-2021","61,969","61,895","62,424","61,650","129.27K","-0.07%"
"08-10-2021","62,011","61,445","62,860","61,150","211.56K","0.86%"
"07-10-2021","61,484","61,200","61,792","60,923","174.26K","0.45%"
"06-10-2021","61,210","60,990","61,324","60,600","159.48K","0.01%"
"05-10-2021","61,202","61,101","61,316","60,732","138.79K","0.04%"
"04-10-2021","61,176","60,710","61,389","60,343","168.73K","0.66%"
"01-10-2021","60,772","59,810","60,864","59,585","175.94K","1.54%"
"30-09-2021","59,853","58,799","60,077","58,400","212.70K","2.01%"
"29-09-2021","58,672","60,750","60,882","58,501","211.39K","-3.35%"
"28-09-2021","60,705","60,950","60,950","59,783","188.63K","-0.31%"
"27-09-2021","60,894","60,245","61,340","60,245","129.20K","1.07%"
"24-09-2021","60,252","60,930","61,126","59,620","148.69K","-1.27%"
"23-09-2021","61,024","61,310","61,310","60,600","136.19K","-0.63%"
"22-09-2021","61,409","60,799","61,600","60,799","129.28K","1.20%"
"21-09-2021","60,681","60,125","61,060","59,720","162.04K","1.31%"
"20-09-2021","59,897","60,225","60,483","59,472","176.32K","-0.70%"
"17-09-2021","60,317","61,200","61,916","60,202","178.50K","-1.68%"
"16-09-2021","61,346","63,625","63,886","60,719","223.05K","-3.50%"
"15-09-2021","63,568","63,687","63,831","63,301","109.04K","-0.38%"
"14-09-2021","63,813","63,455","63,879","62,910","146.99K","0.41%"
"13-09-2021","63,553","63,780","63,835","62,810","146.16K","-0.47%"
"10-09-2021","63,856","64,489","64,490","63,759","81.20K","-0.85%"
"09-09-2021","64,401","64,390","64,800","63,922","140.56K","-0.06%"
"08-09-2021","64,438","64,765","65,180","64,166","128.82K","-0.63%"
"07-09-2021","64,849","65,520","65,620","64,480","151.85K","-0.93%"
"06-09-2021","65,460","65,390","65,663","65,224","72.61K","0.15%"
"03-09-2021","65,362","63,543","65,788","63,499","206.28K","2.86%"
"02-09-2021","63,543","64,155","64,294","63,300","120.37K","-0.83%"
"01-09-2021","64,075","63,550","64,300","63,115","127.18K","1.75%"
"31-08-2021","62,973","63,302","63,510","62,500","0.10K","0.08%"
"30-08-2021","62,921","63,464","63,497","62,716","0.26K","-0.65%"
"27-08-2021","63,335","62,989","63,750","62,088","0.80K","1.04%"
"26-08-2021","62,686","63,250","63,250","62,485","1.44K","-0.28%"
"25-08-2021","62,862","63,255","63,445","62,665","33.68K","-0.98%"
"24-08-2021","63,482","63,040","63,800","62,911","113.17K","0.54%"
"23-08-2021","63,139","62,047","63,300","62,047","131.69K","1.79%"
"20-08-2021","62,027","62,446","62,599","61,552","127.69K","-0.67%"
"19-08-2021","62,446","62,766","63,100","62,302","80.50K","-0.51%"
"18-08-2021","62,766","63,600","63,850","62,511","116.28K","-1.15%"
"17-08-2021","63,495","63,725","64,150","63,282","118.30K","-0.34%"
"16-08-2021","63,709","63,498","63,770","62,750","118.48K","0.30%"
"13-08-2021","63,519","62,320","63,800","62,282","138.99K","2.15%"
"12-08-2021","62,183","62,911","62,995","61,881","122.57K","-1.41%"
"11-08-2021","63,071","62,997","63,180","62,660","115.47K","0.21%"
"10-08-2021","62,941","63,388","63,550","62,510","141.41K","-0.01%"
"09-08-2021","62,949","65,270","65,270","62,651","199.17K","-3.61%"
"06-08-2021","65,304","67,102","67,200","65,010","177.16K","-2.89%"
"05-08-2021","67,248","67,698","67,931","66,950","107.02K","-0.82%"
"04-08-2021","67,803","68,180","68,994","67,556","160.62K","-0.46%"
"03-08-2021","68,115","67,985","68,230","67,531","99.56K","0.04%"
"02-08-2021","68,088","68,200","68,348","67,750","91.90K","0.04%"
"30-07-2021","68,058","68,380","68,380","67,822","101.37K","-0.50%"
"29-07-2021","68,400","66,890","68,595","66,890","163.07K","2.62%"
"28-07-2021","66,654","66,500","66,920","66,320","101.26K","0.51%"
"27-07-2021","66,315","67,300","67,475","66,020","153.57K","-1.56%"
"26-07-2021","67,364","67,400","67,770","67,251","105.83K","0.15%"
"23-07-2021","67,261","67,600","67,768","66,930","131.66K","-0.49%"
"22-07-2021","67,593","67,351","67,720","66,860","129.58K","0.33%"
"21-07-2021","67,374","67,013","67,430","66,787","74.50K","0.74%"
"20-07-2021","66,879","67,700","67,761","66,606","126.66K","-0.95%"
"19-07-2021","67,520","68,444","68,444","67,352","147.55K","-1.51%"
"16-07-2021","68,552","69,850","70,085","68,366","168.70K","-1.79%"
"15-07-2021","69,798","69,540","69,970","69,540","95.72K","0.34%"
"14-07-2021","69,560","69,250","70,070","69,170","142.37K","0.45%"
"13-07-2021","69,251","69,640","69,779","69,090","126.34K","-0.38%"
"12-07-2021","69,518","69,340","69,662","68,873","128.56K","0.11%"
"09-07-2021","69,441","69,189","69,544","68,660","125.93K","0.44%"
"08-07-2021","69,136","69,365","69,782","68,826","145.41K","-0.55%"
"07-07-2021","69,515","69,775","70,235","69,328","126.95K","-0.16%"
"06-07-2021","69,625","70,250","70,970","69,410","173.84K","-0.69%"
"05-07-2021","70,109","70,375","70,640","69,953","75.43K","-0.17%"
"02-07-2021","70,225","69,270","70,380","69,270","129.53K","1.41%"
"01-07-2021","69,248","69,250","70,050","69,134","142.62K","1.73%"
"30-06-2021","68,072","67,442","68,389","67,307","0.19K","0.99%"
"29-06-2021","67,405","68,357","68,425","67,005","0.56K","-1.35%"
"28-06-2021","68,325","68,275","68,637","67,960","0.98K","0.41%"
"25-06-2021","68,044","67,936","68,525","67,760","3.59K","0.57%"
"24-06-2021","67,658","67,925","68,200","66,201","22.48K","-0.64%"
"23-06-2021","68,096","67,920","68,569","67,687","101.03K","0.63%"
"22-06-2021","67,670","67,988","68,166","67,350","96.79K","-0.37%"
"21-06-2021","67,921","67,899","68,084","66,831","122.89K","0.19%"
"18-06-2021","67,789","68,420","68,870","67,716","150.04K","-0.05%"
"17-06-2021","67,825","71,330","71,330","67,721","288.88K","-5.16%"
"16-06-2021","71,514","71,369","71,780","71,350","113.65K","0.31%"
"15-06-2021","71,296","71,850","71,850","70,936","163.30K","-0.87%"
"14-06-2021","71,922","72,072","72,099","71,054","201.96K","-0.47%"
"11-06-2021","72,262","72,050","72,775","72,050","155.01K","0.34%"
"10-06-2021","72,020","71,603","72,140","71,127","203.78K","0.16%"
"09-06-2021","71,903","71,399","72,150","71,150","156.51K","0.83%"
"08-06-2021","71,309","71,800","71,830","71,080","174.83K","-0.74%"
"07-06-2021","71,839","71,405","71,885","70,922","150.30K","0.34%"
"04-06-2021","71,593","70,795","71,777","70,430","171.18K","1.03%"
"03-06-2021","70,866","72,731","72,832","70,014","269.53K","-2.50%"
"02-06-2021","72,686","72,200","72,750","71,750","150.45K","0.56%"
"01-06-2021","72,278","72,100","73,550","72,100","237.93K","0.49%"
"31-05-2021","71,924","71,778","72,156","71,778","106.36K","0.39%"
"28-05-2021","71,646","71,680","71,777","70,701","207.64K","-0.12%"
"27-05-2021","71,735","71,276","71,800","70,953","191.47K","0.33%"
"26-05-2021","71,496","72,200","72,900","71,300","204.68K","-0.91%"
"25-05-2021","72,151","71,650","72,270","71,081","231.50K","0.45%"
"24-05-2021","71,829","71,150","72,089","71,150","175.41K","1.06%"
"21-05-2021","71,073","72,126","72,470","70,581","271.28K","-1.72%"
"20-05-2021","72,317","72,300","72,541","71,550","206.80K","-0.13%"
"19-05-2021","72,409","73,002","73,200","71,216","362.23K","-1.07%"
"18-05-2021","73,189","73,399","74,162","72,748","219.75K","-0.16%"
"17-05-2021","73,305","71,400","73,380","71,400","228.98K","3.07%"
"14-05-2021","71,119","70,600","71,443","70,150","183.51K","0.84%"
"13-05-2021","70,527","71,099","71,099","70,170","119.75K","-0.88%"
"12-05-2021","71,150","71,850","72,186","71,009","227.83K","-1.09%"
"11-05-2021","71,934","71,492","71,989","70,902","190.64K","0.53%"
"10-05-2021","71,557","71,652","72,654","71,472","207.81K","0.19%"
"07-05-2021","71,424","71,640","72,200","70,952","228.76K","-0.37%"
"06-05-2021","71,691","69,660","71,886","69,660","239.63K","2.92%"
"05-05-2021","69,656","69,850","70,123","68,863","179.34K","-0.01%"
"04-05-2021","69,661","70,750","71,375","68,962","302.96K","-1.74%"
"03-05-2021","70,891","68,650","71,100","68,650","231.89K","5.39%"
"30-04-2021","67,268","67,590","68,103","67,042","0.23K","-0.40%"
"29-04-2021","67,538","68,935","68,935","67,110","0.31K","-0.52%"
"28-04-2021","67,894","69,500","69,500","67,774","1.05K","-1.62%"
"27-04-2021","69,014","68,920","69,521","68,657","2.55K","0.12%"
"26-04-2021","68,934","68,775","69,100","68,123","16.13K","0.34%"
"23-04-2021","68,698","69,300","69,651","68,411","129.62K","-0.76%"
"22-04-2021","69,222","70,300","70,444","69,161","164.37K","-1.51%"
"21-04-2021","70,283","68,987","70,380","68,920","131.85K","2.25%"
"20-04-2021","68,735","68,400","69,251","68,153","204.96K","0.65%"
"19-04-2021","68,292","68,400","69,326","67,952","199.33K","-0.55%"
"16-04-2021","68,670","68,430","69,232","68,004","177.49K","0.19%"
"15-04-2021","68,538","67,650","68,742","67,502","170.28K","1.30%"
"14-04-2021","67,660","67,800","67,834","67,222","90.69K","-0.04%"
"13-04-2021","67,686","66,231","67,844","66,120","179.49K","2.29%"
"12-04-2021","66,171","66,850","67,348","66,050","171.39K","-1.26%"
"09-04-2021","67,015","67,200","67,500","66,450","179.28K","-0.76%"
"08-04-2021","67,526","66,500","67,700","66,350","154.18K","1.29%"
"07-04-2021","66,666","65,850","66,780","65,736","158.42K","1.06%"
"06-04-2021","65,965","64,826","66,185","64,826","171.21K","1.93%"
"05-04-2021","64,713","65,011","65,630","64,640","164.00K","-0.77%"
"01-04-2021","65,214","63,859","65,277","63,667","141.07K","1.84%"
"31-03-2021","64,034","63,300","64,148","62,792","155.87K","1.08%"
"30-03-2021","63,348","64,350","64,380","63,265","160.64K","-1.58%"
"29-03-2021","64,367","64,801","64,801","63,958","87.65K","-1.02%"
"26-03-2021","65,033","65,190","65,388","64,751","123.73K","-0.04%"
"25-03-2021","65,062","65,512","65,550","63,702","222.15K","-0.61%"
"24-03-2021","65,464","65,400","65,777","65,262","111.28K","0.41%"
"23-03-2021","65,196","66,444","66,464","65,070","156.50K","-1.89%"
"22-03-2021","66,452","67,439","67,439","65,959","174.92K","-1.70%"
"19-03-2021","67,604","67,517","67,780","67,103","149.96K","-0.30%"
"18-03-2021","67,807","67,439","68,475","67,009","213.82K","0.78%"
"17-03-2021","67,280","66,950","67,444","66,900","126.84K","0.42%"
"16-03-2021","66,996","67,600","67,840","66,876","152.06K","-1.05%"
"15-03-2021","67,705","66,990","67,873","66,932","145.04K","1.20%"
"12-03-2021","66,905","67,300","67,350","66,066","179.44K","-1.00%"
"11-03-2021","67,582","67,600","68,139","67,081","100.44K","0.09%"
"10-03-2021","67,521","67,570","67,637","66,600","163.38K","0.00%"
"09-03-2021","67,522","66,164","67,640","65,965","178.29K","2.45%"
"08-03-2021","65,906","65,999","66,700","65,350","175.99K","0.40%"
"05-03-2021","65,643","65,899","66,130","64,958","201.70K","-0.48%"
"04-03-2021","65,962","68,000","68,000","65,678","258.15K","-2.97%"
"03-03-2021","67,983","69,155","69,309","66,896","214.96K","-1.78%"
"02-03-2021","69,215","68,700","69,350","66,926","200.63K","0.57%"
"01-03-2021","68,820","69,199","69,876","68,620","142.92K","1.36%"
"26-02-2021","67,895","71,200","71,790","67,608","0.57K","-2.58%"
"25-02-2021","69,693","69,962","71,490","69,500","0.87K","-0.05%"
"24-02-2021","69,725","70,061","70,061","68,500","0.80K","0.31%"
"23-02-2021","69,512","69,111","70,750","68,950","1.09K","-1.19%"
"22-02-2021","70,349","69,600","70,780","68,800","15.37K","2.10%"
"19-02-2021","68,900","68,300","69,925","67,500","140.35K","0.65%"
"18-02-2021","68,454","69,300","69,700","68,300","160.38K","-1.03%"
"17-02-2021","69,163","69,400","69,575","68,360","187.70K","-0.17%"
"16-02-2021","69,281","70,200","70,750","68,346","273.24K","-1.06%"
"15-02-2021","70,022","69,500","70,150","69,500","126.22K","1.38%"
"12-02-2021","69,069","68,400","69,500","68,321","168.70K","0.92%"
"11-02-2021","68,441","68,700","69,168","68,125","173.47K","-0.61%"
"10-02-2021","68,863","69,750","69,920","68,400","199.30K","-1.09%"
"09-02-2021","69,620","69,900","70,640","68,927","213.03K","-0.56%"
"08-02-2021","70,009","68,822","70,238","68,374","195.10K","1.91%"
"05-02-2021","68,700","67,200","68,800","67,120","216.79K","2.84%"
"04-02-2021","66,801","68,027","68,133","66,369","240.42K","-2.53%"
"03-02-2021","68,538","68,000","69,072","67,711","234.81K","1.51%"
"02-02-2021","67,521","73,400","73,400","67,300","413.77K","-8.19%"
"01-02-2021","73,548","69,900","74,200","69,900","403.57K","5.59%"
"29-01-2021","69,654","67,950","71,109","67,950","376.32K","3.03%"
"28-01-2021","67,608","66,017","70,380","65,510","394.16K","1.65%"
"27-01-2021","66,512","66,020","66,586","65,088","221.62K","0.04%"
"25-01-2021","66,483","66,800","67,133","65,906","202.72K","-0.19%"
"22-01-2021","66,612","67,135","67,135","65,452","228.94K","-0.95%"
"21-01-2021","67,253","67,100","67,770","66,932","177.12K","0.43%"
"20-01-2021","66,966","66,170","67,150","65,582","234.98K","1.43%"
"19-01-2021","66,019","65,540","66,150","65,382","204.44K","0.93%"
"18-01-2021","65,410","65,190","65,688","64,700","165.38K","1.03%"
"15-01-2021","64,745","66,450","66,450","64,151","274.16K","-2.88%"
"14-01-2021","66,666","65,600","66,806","64,950","212.67K","0.99%"
"13-01-2021","66,011","66,000","66,460","65,215","185.03K","0.19%"
"12-01-2021","65,886","65,500","66,340","65,160","227.32K","0.54%"
"11-01-2021","65,531","64,270","65,700","63,800","299.92K","1.84%"
"08-01-2021","64,348","69,838","69,838","63,621","437.81K","-7.94%"
"07-01-2021","69,898","69,252","70,198","69,252","238.64K","0.80%"
"06-01-2021","69,342","70,615","71,412","68,600","360.83K","-2.03%"
"05-01-2021","70,777","70,110","70,900","70,000","213.29K","1.25%"
"04-01-2021","69,905","68,410","70,600","68,410","282.31K","2.66%"
"01-01-2021","68,094","68,020","68,290","67,765","27.68K","0.01%"
"31-12-2020","68,086","68,601","68,673","67,850","142.80K","-0.66%"
"30-12-2020","68,538","68,150","68,934","68,040","160.03K","0.71%"
"29-12-2020","68,053","68,700","68,977","67,701","234.71K","-1.04%"
"28-12-2020","68,765","67,450","69,758","67,450","243.97K","1.91%"
"24-12-2020","67,477","67,723","67,850","66,705","189.45K","-0.09%"
"23-12-2020","67,539","66,811","67,723","66,300","252.37K","1.06%"
"22-12-2020","66,832","69,158","69,654","66,535","324.11K","-3.10%"
"21-12-2020","68,972","68,200","71,490","65,299","437.81K","1.64%"
"18-12-2020","67,860","68,195","68,280","67,316","200.09K","-0.47%"
"17-12-2020","68,183","66,187","68,334","66,187","270.27K","3.48%"
"16-12-2020","65,887","64,950","66,720","64,950","276.52K","1.64%"
"15-12-2020","64,826","63,550","64,925","63,475","202.63K","2.15%"
"14-12-2020","63,459","63,540","64,040","62,775","224.28K","-0.46%"
"11-12-2020","63,751","63,611","63,890","62,762","216.36K","0.35%"
"10-12-2020","63,531","63,755","64,370","62,960","226.84K","-0.03%"
"09-12-2020","63,550","64,950","64,950","63,210","254.77K","-2.43%"
"08-12-2020","65,136","65,500","65,781","64,571","214.27K","-0.52%"
"07-12-2020","65,476","63,700","65,595","62,427","257.44K","2.66%"
"04-12-2020","63,777","63,824","64,499","63,370","226.88K","0.28%"
"03-12-2020","63,602","63,400","64,355","62,900","257.44K","0.49%"
"02-12-2020","63,294","62,900","64,242","62,360","250.35K","0.24%"
"01-12-2020","63,141","60,500","63,422","60,500","218.98K","4.87%"
"30-11-2020","60,210","59,300","60,486","58,955","133.10K","2.22%"
"27-11-2020","58,900","59,942","60,370","58,283","0.98K","-1.75%"
"26-11-2020","59,950","60,538","60,538","59,552","0.29K","0.01%"
"25-11-2020","59,947","59,974","60,548","59,300","0.40K","0.31%"
"24-11-2020","59,759","60,300","60,300","59,001","1.27K","-0.82%"
"23-11-2020","60,255","62,000","62,249","60,047","32.84K","-2.99%"
"20-11-2020","62,114","61,555","62,750","61,555","160.98K","0.97%"
"19-11-2020","61,519","62,325","62,497","60,800","203.41K","-1.65%"
"18-11-2020","62,553","63,100","63,258","62,081","210.92K","-1.06%"
"17-11-2020","63,226","63,513","63,763","62,851","172.10K","-0.71%"
"16-11-2020","63,679","63,521","64,187","62,214","138.77K","0.12%"
"14-11-2020","63,601","63,828","64,030","63,536","10.74K","-0.18%"
"13-11-2020","63,714","62,556","64,103","62,533","163.30K","1.54%"
"12-11-2020","62,748","62,666","63,088","62,180","174.46K","0.33%"
"11-11-2020","62,542","62,925","63,067","61,265","238.85K","-0.81%"
"10-11-2020","63,050","61,600","63,220","61,450","274.86K","3.49%"
"09-11-2020","60,923","65,500","66,430","60,500","421.20K","-6.67%"
"06-11-2020","65,274","64,300","66,200","63,980","317.49K","1.64%"
"05-11-2020","64,223","61,500","64,352","61,500","263.74K","4.59%"
"04-11-2020","61,406","62,500","62,500","60,850","306.04K","-2.04%"
"03-11-2020","62,684","62,008","62,750","61,620","188.10K","1.09%"
"02-11-2020","62,008","61,150","62,240","61,150","201.61K","1.82%"
"30-10-2020","60,897","60,480","61,324","59,959","224.61K","1.15%"
"29-10-2020","60,204","60,111","60,731","58,500","288.55K","0.10%"
"28-10-2020","60,142","62,000","62,481","59,246","293.00K","-3.42%"
"27-10-2020","62,270","62,100","62,588","61,655","164.21K","0.57%"
"26-10-2020","61,920","62,167","62,428","61,289","200.08K","-0.84%"
"23-10-2020","62,443","62,600","63,073","62,080","173.42K","-0.24%"
"22-10-2020","62,594","63,222","63,222","61,855","188.43K","-1.60%"
"21-10-2020","63,610","63,333","64,000","63,101","209.74K","0.81%"
"20-10-2020","63,100","61,986","63,233","61,660","188.02K","1.62%"
"19-10-2020","62,092","61,500","63,220","61,186","193.79K","0.66%"
"16-10-2020","61,686","61,670","62,170","61,321","171.69K","0.26%"
"15-10-2020","61,526","61,310","61,650","59,841","249.02K","-0.13%"
"14-10-2020","61,606","60,800","62,237","60,624","207.66K","1.76%"
"13-10-2020","60,541","62,801","62,962","60,250","250.30K","-4.06%"
"12-10-2020","63,105","63,100","64,500","62,450","212.60K","0.40%"
"09-10-2020","62,853","60,600","63,193","60,600","211.57K","3.88%"
"08-10-2020","60,503","60,673","61,466","60,036","203.89K","0.11%"
"07-10-2020","60,434","60,200","60,900","59,352","241.07K","-0.27%"
"06-10-2020","60,600","61,750","62,345","60,238","220.33K","-2.13%"
"05-10-2020","61,922","61,005","62,455","60,251","197.15K","1.28%"
"01-10-2020","61,139","60,314","61,500","59,600","246.03K","2.04%"
"30-09-2020","59,916","62,100","62,100","59,482","262.42K","-4.08%"
"29-09-2020","62,467","60,470","62,600","60,080","240.81K","3.44%"
"28-09-2020","60,391","58,600","60,485","57,666","239.02K","2.33%"
"25-09-2020","59,016","59,310","59,740","57,525","242.09K","-0.96%"
"24-09-2020","59,587","58,100","59,826","56,045","309.12K","1.84%"
"23-09-2020","58,509","60,950","60,950","58,079","284.51K","-4.42%"
"22-09-2020","61,215","61,700","62,060","59,600","287.37K","-0.19%"
"21-09-2020","61,330","67,939","67,939","60,708","290.93K","-9.61%"
"18-09-2020","67,848","68,152","68,488","67,511","149.37K","-0.38%"
"17-09-2020","68,106","68,525","68,525","66,706","185.74K","-0.92%"
"16-09-2020","68,736","68,710","69,190","68,570","136.82K","-0.26%"
"15-09-2020","68,915","69,150","69,800","68,505","159.26K","-0.03%"
"14-09-2020","68,933","68,150","69,137","67,914","146.11K","1.51%"
"11-09-2020","67,909","68,650","68,650","67,607","155.88K","-1.54%"
"10-09-2020","68,968","68,516","69,678","68,450","186.42K","0.84%"
"09-09-2020","68,396","68,450","68,556","67,310","164.50K","-0.04%"
"08-09-2020","68,421","68,325","68,660","66,222","242.57K","0.28%"
"07-09-2020","68,232","67,887","68,429","67,621","118.05K","1.57%"
"04-09-2020","67,176","67,000","67,885","66,250","228.54K","0.34%"
"03-09-2020","66,946","68,500","69,000","66,323","265.34K","-1.88%"
"02-09-2020","68,229","70,526","70,526","67,887","218.37K","-3.72%"
"01-09-2020","70,862","70,656","72,000","70,592","187.06K","5.46%"
"31-08-2020","67,194","66,513","68,388","66,000","0.10K","0.81%"
"28-08-2020","66,651","66,498","67,380","65,757","0.30K","1.47%"
"27-08-2020","65,688","67,033","67,846","65,000","0.42K","-2.47%"
"26-08-2020","67,351","64,207","67,635","63,473","1.30K","5.47%"
"25-08-2020","63,857","65,900","66,159","63,166","24.13K","-2.77%"
"24-08-2020","65,678","66,666","67,365","65,210","200.62K","-2.13%"
"21-08-2020","67,104","68,135","68,920","65,270","272.21K","-0.66%"
"20-08-2020","67,550","67,800","68,086","66,470","240.61K","-0.63%"
"19-08-2020","67,976","69,100","69,350","67,100","316.00K","-2.22%"
"18-08-2020","69,520","69,350","71,400","65,070","350.37K","0.43%"
"17-08-2020","69,223","67,515","70,300","67,034","280.44K","2.93%"
"14-08-2020","67,250","70,500","70,950","66,217","329.65K","-5.36%"
"13-08-2020","71,062","66,900","71,453","66,258","315.51K","6.39%"
"12-08-2020","66,791","64,282","68,490","60,934","441.84K","-0.25%"
"11-08-2020","66,960","75,000","75,000","66,315","402.43K","-11.14%"
"10-08-2020","75,357","74,900","76,098","74,222","242.87K","1.71%"
"07-08-2020","74,087","76,185","78,888","73,550","431.63K","-2.38%"
"06-08-2020","75,892","72,240","76,150","72,240","347.23K","5.59%"
"05-08-2020","71,874","69,910","72,950","69,540","375.91K","2.97%"
"04-08-2020","69,804","65,900","69,982","65,258","272.68K","6.09%"
"03-08-2020","65,794","65,107","66,150","65,107","187.80K","1.13%"
"31-07-2020","65,057","62,900","65,696","62,900","292.76K","3.70%"
"30-07-2020","62,735","65,424","65,424","61,880","356.38K","-4.08%"
"29-07-2020","65,406","65,217","65,836","64,444","218.59K","0.53%"
"28-07-2020","65,060","65,888","67,935","61,664","496.17K","-0.82%"
"27-07-2020","65,599","63,757","66,265","63,757","323.83K","7.00%"
"24-07-2020","61,305","61,288","61,900","60,638","234.44K","0.00%"
"23-07-2020","61,308","60,999","62,450","60,136","332.47K","0.20%"
"22-07-2020","61,187","57,600","62,255","57,600","535.24K","6.64%"
"21-07-2020","57,375","54,100","57,860","54,100","327.91K","6.15%"
"20-07-2020","54,051","52,900","54,136","52,710","200.54K","2.05%"
"17-07-2020","52,967","52,507","53,050","52,300","170.56K","0.52%"
"16-07-2020","52,691","53,050","53,220","52,530","172.77K","-0.79%"
"15-07-2020","53,111","52,800","53,175","52,551","205.65K","0.78%"
"14-07-2020","52,701","52,832","52,832","52,071","225.33K","-0.73%"
"13-07-2020","53,091","51,500","53,198","51,500","232.02K","3.14%"
"10-07-2020","51,476","51,226","51,750","51,065","217.02K","0.54%"
"09-07-2020","51,198","51,350","52,188","50,858","282.72K","-0.57%"
"08-07-2020","51,492","50,235","51,668","50,100","225.46K","2.35%"
"07-07-2020","50,309","49,887","50,376","49,303","207.62K","0.77%"
"06-07-2020","49,927","49,250","50,383","49,031","188.98K","1.23%"
"03-07-2020","49,318","49,330","49,500","49,080","91.68K","-0.04%"
"02-07-2020","49,337","49,572","49,572","48,650","190.21K","-0.43%"
"01-07-2020","49,550","50,400","50,949","49,295","232.18K","1.04%"
"30-06-2020","49,041","48,539","49,718","48,335","0.33K","1.36%"
"29-06-2020","48,382","48,845","48,874","48,100","0.25K","-0.22%"
"26-06-2020","48,489","48,348","48,851","47,757","0.43K","0.19%"
"25-06-2020","48,397","47,947","48,899","47,241","1.35K","1.26%"
"24-06-2020","47,794","49,045","49,175","47,304","34.94K","-2.45%"
"23-06-2020","48,993","48,500","49,100","48,253","116.01K","0.84%"
"22-06-2020","48,585","48,999","49,475","48,501","157.61K","-0.45%"
"19-06-2020","48,803","48,098","48,996","48,000","164.83K","1.46%"
"18-06-2020","48,102","48,510","48,894","47,923","151.90K","-1.20%"
"17-06-2020","48,684","48,500","48,751","48,165","113.03K","0.22%"
"16-06-2020","48,578","47,866","48,700","47,800","174.61K","1.78%"
"15-06-2020","47,729","48,150","48,150","46,850","177.89K","-0.66%"
"12-06-2020","48,048","48,800","48,800","47,964","157.51K","-1.96%"
"11-06-2020","49,009","48,599","49,789","48,599","200.81K","1.17%"
"10-06-2020","48,441","48,474","49,280","48,260","161.36K","-0.11%"
"09-06-2020","48,495","48,460","48,781","48,210","136.08K","-0.08%"
"08-06-2020","48,532","48,100","48,649","48,051","149.73K","1.36%"
"05-06-2020","47,882","49,125","49,125","47,670","171.86K","-2.78%"
"04-06-2020","49,253","48,622","49,420","48,512","179.58K","0.69%"
"03-06-2020","48,914","49,221","49,850","48,228","193.15K","-1.22%"
"02-06-2020","49,520","50,974","51,040","49,105","177.14K","-2.92%"
"01-06-2020","51,012","50,600","51,450","50,205","187.57K","1.01%"
"29-05-2020","50,503","48,990","50,550","48,929","156.73K","3.02%"
"28-05-2020","49,023","48,800","49,434","48,660","146.01K","0.34%"
"27-05-2020","48,857","48,217","48,929","47,501","174.00K","1.19%"
"26-05-2020","48,284","48,949","49,472","48,150","143.17K","-0.86%"
"25-05-2020","48,704","48,531","48,829","48,102","57.78K","-0.17%"
"22-05-2020","48,785","47,750","48,875","47,504","144.64K","2.02%"
"21-05-2020","47,817","49,296","49,296","47,600","151.02K","-3.38%"
"20-05-2020","49,490","49,400","49,931","48,858","140.52K","0.52%"
"19-05-2020","49,236","48,150","49,390","47,776","139.37K","2.28%"
"18-05-2020","48,138","47,270","49,580","47,270","208.89K","2.13%"
"15-05-2020","47,135","44,610","47,270","44,610","177.10K","5.67%"
"14-05-2020","44,607","43,509","44,686","43,502","119.33K","2.59%"
"13-05-2020","43,481","43,640","43,800","43,260","105.63K","-0.16%"
"12-05-2020","43,549","43,520","43,869","43,451","95.74K","-0.35%"
"11-05-2020","43,700","43,900","44,035","43,400","110.19K","-0.14%"
"08-05-2020","43,761","43,700","44,176","43,355","149.16K","0.43%"
"07-05-2020","43,573","42,450","43,673","42,255","116.37K","2.82%"
"06-05-2020","42,378","42,491","42,799","42,219","88.23K","-0.09%"
"05-05-2020","42,415","41,899","42,500","41,534","97.18K","1.44%"
"04-05-2020","41,812","42,208","42,350","41,721","99.76K","-0.71%"
"01-05-2020","42,111","42,053","42,382","41,700","71.96K","-2.13%"